season,orch_id,CMI_z,cmi_cluster,cmi_label
2018_2019,00530000000000001ea7,-1.99782062515746,0,Young
2018_2019,00530000000000001ea8,-0.0998637637098015,1,Old
2018_2019,00530000000000001eac,0.21604805301378874,1,Old
2018_2019,00530000000000001eb3,-2.8662875615398113,0,Young
2018_2019,005300000000000022e0,-3.0,0,Young
2018_2019,005300000000000023e3,-2.7808073899536723,0,Young
2018_2019,005300000000000023e4,-0.05073525228778111,1,Old
2018_2019,005300000000000023e5,1.0476702141098297,1,Old
2018_2019,005300000000000023e6,0.5138709779036688,1,Old
2018_2019,005300000000000023e7,0.3615540172337724,1,Old
2018_2019,005300000000000023e8,0.9855322739105964,1,Old
2018_2019,005300000000000023e9,0.255872019833586,1,Old
2018_2019,005300000000000023ea,0.0374443536096259,1,Old
2018_2019,005300000000000023eb,0.8875586184539582,1,Old
2018_2019,005300000000000023ec,0.5681048855763609,1,Old
2018_2019,005300000000000023ed,0.7812075535285942,1,Old
2018_2019,005300000000000023ee,0.6565536953254147,1,Old
2018_2019,005300000000000023ef,-0.032329851714718055,1,Old
2018_2019,005300000000000023f0,-0.016585388060307196,1,Old
2018_2019,005300000000000023f1,-0.36204833096357747,1,Old
2018_2019,005300000000000023f2,-1.161123891142215,0,Young
2018_2019,005300000000000023f3,0.7756497214469965,1,Old
2018_2019,005300000000000023f4,-0.09501396256596455,1,Old
2018_2019,005300000000000023f5,0.12313555627899932,1,Old
2018_2019,005300000000000023f6,0.6628686495740825,1,Old
2018_2019,005300000000000023f7,0.364793907086318,1,Old
2018_2019,005300000000000023f8,0.8277962703284956,1,Old
2018_2019,005300000000000023f9,0.572836595361439,1,Old
2018_2019,005300000000000023fa,-0.13364648179384767,1,Old
2018_2019,005300000000000023fb,-0.7446201396504991,0,Young
2018_2019,005300000000000023fc,-0.34586503392014945,1,Old
2018_2019,005300000000000023fd,-0.18787276785283388,1,Old
2018_2019,005300000000000023fe,0.2177218814358074,1,Old
2018_2019,005300000000000023ff,-1.4586327974306035,0,Young
2018_2019,00530000000000002400,-0.20458691847719815,1,Old
2018_2019,00530000000000002401,-0.161575519226087,1,Old
2018_2019,00530000000000002402,-0.1092729295955336,1,Old
2018_2019,00530000000000002403,-0.5670582221200606,0,Young
2018_2019,00530000000000002404,-0.2008824630587686,1,Old
2018_2019,00530000000000002405,-0.42797782294140346,0,Young
2018_2019,00530000000000002406,-0.07588124677766087,1,Old
2018_2019,00530000000000002407,-0.43840387960665383,0,Young
2018_2019,00530000000000002408,-0.49281426489478286,0,Young
2018_2019,00530000000000002409,-0.45066105448580757,0,Young
2018_2019,0053000000000000240a,-0.6359534710991812,0,Young
2018_2019,0053000000000000240b,-0.7270666806368675,0,Young
2018_2019,0053000000000000240c,-0.2686177941269113,1,Old
2018_2019,0053000000000000240d,-1.3006026516617626,0,Young
2018_2019,0053000000000000240e,-0.317516556748949,1,Old
2018_2019,0053000000000000240f,0.5107477107535003,1,Old
2018_2019,00530000000000002410,0.20313706440987433,1,Old
2018_2019,00530000000000002411,0.06641184404308809,1,Old
2018_2019,00530000000000002412,-1.3774407909404427,0,Young
2018_2019,00530000000000002413,-1.037260296872153,0,Young
2018_2019,00530000000000002415,-0.3899464346575575,1,Old
2018_2019,0053000000000000241e,-0.31958329592485785,1,Old
2018_2019,00530000000000002421,-0.06710026890459654,1,Old
2018_2019,00530000000000002422,-1.2477268531624026,0,Young
2018_2019,00530000000000002423,0.001493540562269709,1,Old
2018_2019,00530000000000002425,0.3462803389906765,1,Old
2018_2019,00530000000000002426,0.04367145114266598,1,Old
2018_2019,00530000000000002427,-0.1678384571485473,1,Old
2018_2019,00530000000000002428,-0.9790289082483775,0,Young
2018_2019,00530000000000002429,-0.53275423847849,0,Young
2018_2019,0053000000000000242a,-1.3590612234888972,0,Young
2018_2019,0053000000000000242c,-3.0,0,Young
2018_2019,0053000000000000242d,0.7704843495552591,1,Old
2018_2019,0053000000000000242e,0.3682315853562271,1,Old
2018_2019,00530000000000002430,-0.6102026264785736,0,Young
2018_2019,00530000000000002431,0.5361211267233698,1,Old
2018_2019,00530000000000002433,-1.1162925432322905,0,Young
2018_2019,00530000000000002434,0.44276219458514227,1,Old
2018_2019,00530000000000002436,-0.5138844615060999,0,Young
2018_2019,00530000000000002437,-0.03869627197662559,1,Old
2018_2019,00530000000000002438,-0.032007280291563925,1,Old
2018_2019,00530000000000002439,-1.1476778926956237,0,Young
2018_2019,0053000000000000243a,-0.49656252487583263,0,Young
2018_2019,0053000000000000243b,0.31450756076806635,1,Old
2018_2019,0053000000000000243c,-0.40767506076828325,1,Old
2018_2019,00530000000000002487,0.8614069577735417,1,Old
2018_2019,00530000000000002488,0.7844510312976665,1,Old
2018_2019,00530000000000002489,-0.4218600268209371,0,Young
2018_2019,0053000000000000248a,0.5992280112935031,1,Old
2018_2019,0053000000000000248b,0.2533169126104199,1,Old
2018_2019,0053000000000000248c,0.3741575342447787,1,Old
2018_2019,0053000000000000248d,0.12815622949319633,1,Old
2018_2019,0053000000000000248e,0.45483577229379907,1,Old
2018_2019,0053000000000000248f,0.4941231939719762,1,Old
2018_2019,00530000000000002490,0.40743911786114984,1,Old
2018_2019,00530000000000002491,0.643777708095681,1,Old
2018_2019,00530000000000002492,0.859206524092614,1,Old
2018_2019,00530000000000002493,0.728234334028469,1,Old
2018_2019,00530000000000002494,0.774848534910838,1,Old
2018_2019,00530000000000002495,1.5579478117154224,1,Old
2018_2019,00530000000000002496,0.8685792577424225,1,Old
2018_2019,00530000000000002497,0.9657502440079061,1,Old
2018_2019,00530000000000002498,-0.4872847531085344,0,Young
2018_2019,00530000000000002499,-0.6062940528513198,0,Young
2018_2019,0053000000000000249a,-0.8033733358753783,0,Young
2018_2019,0053000000000000249b,-0.016727916669967424,1,Old
2018_2019,0053000000000000249c,0.5471706496386182,1,Old
2018_2019,0053000000000000249d,0.5520680696023632,1,Old
2018_2019,0053000000000000249e,0.08246052364668546,1,Old
2018_2019,0053000000000000249f,0.25764826758440046,1,Old
2018_2019,005300000000000024a0,0.09746887492172025,1,Old
2018_2019,005300000000000024a1,0.7598475437393671,1,Old
2018_2019,005300000000000024a2,0.275768912678288,1,Old
2018_2019,005300000000000024a3,-0.12348351571242865,1,Old
2018_2019,005300000000000024a4,-0.12074189744535477,1,Old
2018_2019,005300000000000024a5,-0.29064393480244244,1,Old
2018_2019,005300000000000024a6,-0.08162699921393442,1,Old
2018_2019,005300000000000024a7,0.12355136753373015,1,Old
2018_2019,005300000000000024a8,0.4483296302316388,1,Old
2018_2019,0053000000000000256d,-0.2494589680681851,1,Old
2018_2019,0053000000000000256e,-0.13449983366615204,1,Old
2018_2019,0053000000000000256f,-0.04557867172538417,1,Old
2018_2019,00530000000000002570,-0.31313775291267476,1,Old
2018_2019,00530000000000002571,0.6543634803181537,1,Old
2018_2019,00530000000000002572,0.7939468201270488,1,Old
2018_2019,00530000000000002573,0.43120496393299845,1,Old
2018_2019,00530000000000002574,-0.6875133129686719,0,Young
2018_2019,00530000000000002575,-1.6942934197293003,0,Young
2018_2019,00530000000000002576,-0.18235553082748449,1,Old
2018_2019,00530000000000002577,-0.512727033152643,0,Young
2018_2019,00530000000000002578,-0.0014935405622697206,1,Old
2018_2019,00530000000000002579,0.1208708470942651,1,Old
2018_2019,00530000000000002bb8,0.9179392047495849,1,Old
2018_2019,00530000000000002f1f,-0.2086705510690452,1,Old
2018_2019,005300000000000030fb,0.07628421836647833,1,Old
2018_2019,00530000000000003782,-0.5008752268456219,0,Young
2018_2019,00530000000000003783,0.023013769911279184,1,Old
2018_2019,00530000000000003784,0.5441224707808583,1,Old
2018_2019,00530000000000003785,0.042588457855490036,1,Old
2018_2019,00530000000000003787,0.09383218700304428,1,Old
2018_2019,00530000000000003788,-0.24169060325191888,1,Old
2018_2019,00530000000000003789,-0.3025981170745583,1,Old
2018_2019,0053000000000000378a,-0.9553211789038004,0,Young
2018_2019,0053000000000000378b,-1.297924729445857,0,Young
2018_2019,0053000000000000378c,-1.4048481856280672,0,Young
2018_2019,0053000000000000378d,-1.7525075242676795,0,Young
2018_2019,0053000000000000378e,-0.4651196130594626,0,Young
2018_2019,0053000000000000378f,-0.39547278028606253,1,Old
2018_2019,00530000000000003791,-0.9766653780310228,0,Young
2018_2019,00530000000000003792,-1.1384952227597511,0,Young
2018_2019,00530000000000003793,-0.4498636469009057,0,Young
2018_2019,00530000000000003794,-3.0,0,Young
2018_2019,00530000000000003795,-0.5865200596706945,0,Young
2018_2019,0053000000000000379e,-1.4847807420489825,0,Young
2018_2019,0053000000000000379f,0.26174558478412957,1,Old
2018_2019,005300000000000037a0,0.7203965232874695,1,Old
2018_2019,005300000000000037a1,0.5414630726044312,1,Old
2018_2019,005300000000000037a2,0.9356356562279872,1,Old
2018_2019,005300000000000037a3,0.7200308131406109,1,Old
2018_2019,005300000000000037a4,0.5392863265374783,1,Old
2018_2019,005300000000000037a5,0.8972037761070555,1,Old
2018_2019,005300000000000037a6,1.1169004064652517,1,Old
2018_2019,005300000000000037a7,-0.006804650226777026,1,Old
2018_2019,005300000000000037a8,0.39846951787650114,1,Old
2018_2019,005300000000000037a9,-0.09971408501660912,1,Old
2018_2019,005300000000000037aa,0.7727164818661688,1,Old
2018_2019,005300000000000037ab,0.787110593668298,1,Old
2018_2019,005300000000000037ac,-0.5688229310223473,0,Young
2018_2019,005300000000000037ad,0.24654768497978619,1,Old
2018_2019,005300000000000037ae,0.12585879571889957,1,Old
2018_2019,005300000000000037af,1.0867366568708725,1,Old
2018_2019,005300000000000037b0,1.197577505618881,1,Old
2018_2019,005300000000000037b1,1.2563550235689314,1,Old
2018_2019,005300000000000037b2,1.0451691976718513,1,Old
2018_2019,005300000000000037b3,0.835418336464356,1,Old
2018_2019,005300000000000037b4,-1.0703737512058824,0,Young
2018_2019,005300000000000037b5,0.7028832810095904,1,Old
2018_2019,005300000000000037b6,0.8083525837592197,1,Old
2018_2019,005300000000000037b7,0.02315678695999217,1,Old
2018_2019,005300000000000037b8,0.1434600110141428,1,Old
2018_2019,005300000000000037b9,0.6807636154289801,1,Old
2018_2019,005300000000000037ba,0.15089120077917986,1,Old
2018_2019,005300000000000037bb,-0.024999660735716175,1,Old
2018_2019,005300000000000037bc,0.2783621097089949,1,Old
2018_2019,005300000000000037bd,-0.9157549348812853,0,Young
2018_2019,005300000000000037be,-0.6641814494095937,0,Young
2018_2019,005300000000000037bf,-0.5101480860541371,0,Young
2018_2019,005300000000000037c0,-1.0867143614869714,0,Young
2018_2019,005300000000000037c2,-0.1684000031197273,1,Old
2018_2019,005300000000000037c4,0.4066552488422933,1,Old
2018_2019,00530000000000004244,0.25761721358332595,1,Old
2018_2019,00530000000000004247,0.13602657790875888,1,Old
2018_2019,00530000000000004248,0.7690300437061499,1,Old
2018_2019,00530000000000004249,0.6616449316919176,1,Old
2018_2019,0053000000000000424a,0.7296517082019575,1,Old
2018_2019,00530000000000004403,-0.5724577814683254,0,Young
2019_2020,00530000000000001ea7,-2.198221624234098,0,Young
2019_2020,00530000000000001ea8,-0.051038367562792446,1,Old
2019_2020,00530000000000001eac,0.30714798531271914,1,Old
2019_2020,00530000000000001eb3,-2.3880059514014045,0,Young
2019_2020,005300000000000022e0,-2.4318264349192598,0,Young
2019_2020,005300000000000023e3,-2.9605793226131403,0,Young
2019_2020,005300000000000023e4,0.22748712694789405,1,Old
2019_2020,005300000000000023e5,1.2723212730126763,1,Old
2019_2020,005300000000000023e6,0.9525286803334732,1,Old
2019_2020,005300000000000023e7,0.6968166839101286,1,Old
2019_2020,005300000000000023e8,1.232799059003939,1,Old
2019_2020,005300000000000023e9,0.563252490548084,1,Old
2019_2020,005300000000000023ea,0.8396955779462026,1,Old
2019_2020,005300000000000023eb,0.7608972892676249,1,Old
2019_2020,005300000000000023ec,0.8581551191519122,1,Old
2019_2020,005300000000000023ed,0.5059927725474151,1,Old
2019_2020,005300000000000023ee,0.6692695903459108,1,Old
2019_2020,005300000000000023ef,-0.21216572703382142,1,Old
2019_2020,005300000000000023f0,-0.12815297362293027,1,Old
2019_2020,005300000000000023f1,-1.1663395155282552,0,Young
2019_2020,005300000000000023f2,-1.0403911588066688,0,Young
2019_2020,005300000000000023f3,0.7204101865500082,1,Old
2019_2020,005300000000000023f4,0.03970011958306784,1,Old
2019_2020,005300000000000023f5,-0.21152558983468434,1,Old
2019_2020,005300000000000023f6,0.0914092997537826,1,Old
2019_2020,005300000000000023f7,0.5282230677116002,1,Old
2019_2020,005300000000000023f8,1.13582636628826,1,Old
2019_2020,005300000000000023f9,0.2576384399566747,1,Old
2019_2020,005300000000000023fa,-0.44697731436237786,0,Young
2019_2020,005300000000000023fb,-0.8108581358021933,0,Young
2019_2020,005300000000000023fc,-0.17894800288303508,1,Old
2019_2020,005300000000000023fd,-0.5317114617180285,0,Young
2019_2020,005300000000000023fe,0.024617035136618493,1,Old
2019_2020,005300000000000023ff,-1.2362122840574974,0,Young
2019_2020,00530000000000002400,-0.5872650243375254,0,Young
2019_2020,00530000000000002401,-1.8806451791531291,0,Young
2019_2020,00530000000000002402,-0.447164445956745,0,Young
2019_2020,00530000000000002403,-0.17835606731837136,1,Old
2019_2020,00530000000000002404,-1.3247226963249676,0,Young
2019_2020,00530000000000002405,-0.4101221379803251,1,Old
2019_2020,00530000000000002406,0.4897699986473117,1,Old
2019_2020,00530000000000002407,-2.2451620581551484,0,Young
2019_2020,00530000000000002408,-0.12790424181091664,1,Old
2019_2020,00530000000000002409,-1.3825204946926646,0,Young
2019_2020,0053000000000000240a,-1.246653674872824,0,Young
2019_2020,0053000000000000240b,-0.8764167916857075,0,Young
2019_2020,0053000000000000240c,-0.5573947671603707,0,Young
2019_2020,0053000000000000240d,-0.8124470202601761,0,Young
2019_2020,0053000000000000240e,-0.40878792827630467,1,Old
2019_2020,0053000000000000240f,0.16647865993040853,1,Old
2019_2020,00530000000000002410,0.12305124674237977,1,Old
2019_2020,00530000000000002411,0.1344408399758014,1,Old
2019_2020,00530000000000002412,-0.7010064776115003,0,Young
2019_2020,00530000000000002413,-0.6603978709844612,0,Young
2019_2020,00530000000000002415,-0.3245210847890569,1,Old
2019_2020,0053000000000000241e,-0.8085247001805348,0,Young
2019_2020,00530000000000002421,-0.4391892903514813,0,Young
2019_2020,00530000000000002422,-1.056265799599741,0,Young
2019_2020,00530000000000002423,0.2138118897831073,1,Old
2019_2020,00530000000000002425,0.4214029095373336,1,Old
2019_2020,00530000000000002426,0.4945788735061392,1,Old
2019_2020,00530000000000002427,0.27416624704108605,1,Old
2019_2020,00530000000000002428,-0.6810762672674316,0,Young
2019_2020,00530000000000002429,-0.08900845491159677,1,Old
2019_2020,0053000000000000242a,-1.397104289640953,0,Young
2019_2020,0053000000000000242c,-2.5914724807226084,0,Young
2019_2020,0053000000000000242d,0.7429011411574394,1,Old
2019_2020,0053000000000000242e,0.7435854587037841,1,Old
2019_2020,00530000000000002430,0.0525700348599944,1,Old
2019_2020,00530000000000002431,0.2920965897043267,1,Old
2019_2020,00530000000000002433,-1.0858994854826995,0,Young
2019_2020,00530000000000002434,0.27261985469671285,1,Old
2019_2020,00530000000000002436,-0.8761164838818225,0,Young
2019_2020,00530000000000002437,-0.7009688064175593,0,Young
2019_2020,00530000000000002438,-0.5117032276046087,0,Young
2019_2020,00530000000000002439,-0.9994139182450928,0,Young
2019_2020,0053000000000000243a,-0.03210231444056539,1,Old
2019_2020,0053000000000000243b,0.1809486954046068,1,Old
2019_2020,0053000000000000243c,-0.304268424406971,1,Old
2019_2020,00530000000000002487,0.6874620353342762,1,Old
2019_2020,00530000000000002488,0.42348247459200655,1,Old
2019_2020,00530000000000002489,-0.1906773257633878,1,Old
2019_2020,0053000000000000248a,0.671425780268668,1,Old
2019_2020,0053000000000000248b,0.41728469161610576,1,Old
2019_2020,0053000000000000248c,0.37645649233651146,1,Old
2019_2020,0053000000000000248d,0.17652244491187996,1,Old
2019_2020,0053000000000000248e,0.10374295058507364,1,Old
2019_2020,0053000000000000248f,0.1254249444686097,1,Old
2019_2020,00530000000000002490,-0.18867914392400062,1,Old
2019_2020,00530000000000002491,0.14390740106589434,1,Old
2019_2020,00530000000000002492,0.6185555367820332,1,Old
2019_2020,00530000000000002493,0.49532691004543594,1,Old
2019_2020,00530000000000002494,0.4624894078001031,1,Old
2019_2020,00530000000000002495,1.9739783411319256,1,Old
2019_2020,00530000000000002496,1.3140089869220721,1,Old
2019_2020,00530000000000002497,1.5110996565637431,1,Old
2019_2020,00530000000000002498,-0.00025395922430235143,1,Old
2019_2020,00530000000000002499,-0.23963496015005362,1,Old
2019_2020,0053000000000000249a,-0.04603040618891379,1,Old
2019_2020,0053000000000000249b,-0.32818042933763986,1,Old
2019_2020,0053000000000000249c,0.44677123455184975,1,Old
2019_2020,0053000000000000249d,0.48688165076348905,1,Old
2019_2020,0053000000000000249e,-0.03715276800773141,1,Old
2019_2020,0053000000000000249f,0.46224360000581716,1,Old
2019_2020,005300000000000024a0,0.19814756954373886,1,Old
2019_2020,005300000000000024a1,0.7083466972660653,1,Old
2019_2020,005300000000000024a2,0.1948281652135427,1,Old
2019_2020,005300000000000024a3,-0.2659385640531427,1,Old
2019_2020,005300000000000024a4,-0.053781154262414164,1,Old
2019_2020,005300000000000024a5,-0.23330873710275385,1,Old
2019_2020,005300000000000024a6,-0.11984844691758306,1,Old
2019_2020,005300000000000024a7,-0.38871939841112024,1,Old
2019_2020,005300000000000024a8,0.18075212574006536,1,Old
2019_2020,0053000000000000256d,-0.2247632130458352,1,Old
2019_2020,0053000000000000256e,-0.28052559546004446,1,Old
2019_2020,0053000000000000256f,-1.1050079232652958,0,Young
2019_2020,00530000000000002570,-1.060412830294472,0,Young
2019_2020,00530000000000002571,1.2354093907121775,1,Old
2019_2020,00530000000000002572,1.1570338853846593,1,Old
2019_2020,00530000000000002573,0.9108653357919491,1,Old
2019_2020,00530000000000002574,-1.926353109165214,0,Young
2019_2020,00530000000000002575,-2.9819626749939316,0,Young
2019_2020,00530000000000002576,0.2626116607087698,1,Old
2019_2020,00530000000000002577,0.1688163658952591,1,Old
2019_2020,00530000000000002578,-0.3068231548553477,1,Old
2019_2020,00530000000000002579,0.03862164163892081,1,Old
2019_2020,00530000000000002bb8,1.1418358348508535,1,Old
2019_2020,00530000000000002f1f,-0.39350251911523615,1,Old
2019_2020,005300000000000030fb,-0.2872676462439477,1,Old
2019_2020,00530000000000003782,-0.4744248136715513,0,Young
2019_2020,00530000000000003783,0.5363155156049676,1,Old
2019_2020,00530000000000003784,1.1486548950681974,1,Old
2019_2020,00530000000000003785,0.35994626469632096,1,Old
2019_2020,00530000000000003787,0.18121797908900641,1,Old
2019_2020,00530000000000003788,-0.0910978794781818,1,Old
2019_2020,00530000000000003789,-0.38386203858240675,1,Old
2019_2020,0053000000000000378a,-0.6848105718207793,0,Young
2019_2020,0053000000000000378b,-1.7971493121827395,0,Young
2019_2020,0053000000000000378c,-1.938439027041548,0,Young
2019_2020,0053000000000000378d,-1.1452279619101622,0,Young
2019_2020,0053000000000000378e,0.09339910451223792,1,Old
2019_2020,0053000000000000378f,-0.177019304177394,1,Old
2019_2020,00530000000000003791,-0.9894445132036129,0,Young
2019_2020,00530000000000003792,-0.7835345545036037,0,Young
2019_2020,00530000000000003793,0.0,1,Old
2019_2020,00530000000000003794,-2.6284719003803545,0,Young
2019_2020,00530000000000003795,-0.1405497266593878,1,Old
2019_2020,0053000000000000379e,-1.4829242563966265,0,Young
2019_2020,0053000000000000379f,-0.20898344850683534,1,Old
2019_2020,005300000000000037a0,0.36858245450398874,1,Old
2019_2020,005300000000000037a1,-0.3487994788538531,1,Old
2019_2020,005300000000000037a2,0.6356968743551894,1,Old
2019_2020,005300000000000037a3,0.27208791280673633,1,Old
2019_2020,005300000000000037a4,0.3401875185335856,1,Old
2019_2020,005300000000000037a5,0.5288210335808674,1,Old
2019_2020,005300000000000037a6,0.9994958656325242,1,Old
2019_2020,005300000000000037a7,0.2531670393320762,1,Old
2019_2020,005300000000000037a8,0.6690800544604584,1,Old
2019_2020,005300000000000037a9,-0.003954526632645153,1,Old
2019_2020,005300000000000037aa,0.33536658775670564,1,Old
2019_2020,005300000000000037ab,0.631987699375403,1,Old
2019_2020,005300000000000037ac,-0.3273340798103887,1,Old
2019_2020,005300000000000037ad,0.3370636972203193,1,Old
2019_2020,005300000000000037ae,-0.33569345344557994,1,Old
2019_2020,005300000000000037af,1.5237596514385723,1,Old
2019_2020,005300000000000037b0,1.5685621144624342,1,Old
2019_2020,005300000000000037b1,1.5569285689158923,1,Old
2019_2020,005300000000000037b2,1.3559726733561865,1,Old
2019_2020,005300000000000037b3,1.0436925782208053,1,Old
2019_2020,005300000000000037b4,-0.8849326015090969,0,Young
2019_2020,005300000000000037b5,0.7445221651377347,1,Old
2019_2020,005300000000000037b6,0.5127987274155243,1,Old
2019_2020,005300000000000037b7,0.1141911437850769,1,Old
2019_2020,005300000000000037b8,0.6736769548545054,1,Old
2019_2020,005300000000000037b9,0.45261812627141573,1,Old
2019_2020,005300000000000037ba,0.5756683699740186,1,Old
2019_2020,005300000000000037bb,0.6077032628198529,1,Old
2019_2020,005300000000000037bc,0.475285466678673,1,Old
2019_2020,005300000000000037bd,-0.7980960941897565,0,Young
2019_2020,005300000000000037be,-0.5641242409758845,0,Young
2019_2020,005300000000000037bf,-0.37970593154026705,1,Old
2019_2020,005300000000000037c0,-0.8383270037615025,0,Young
2019_2020,005300000000000037c2,-0.5039479002419402,0,Young
2019_2020,005300000000000037c4,-0.06476023916823255,1,Old
2019_2020,00530000000000004244,0.9093352770310686,1,Old
2019_2020,00530000000000004245,-1.248020471436626,0,Young
2019_2020,00530000000000004246,-2.057172072058779,0,Young
2019_2020,00530000000000004248,0.42207186616172443,1,Old
2019_2020,00530000000000004249,0.5432811737139909,1,Old
2019_2020,0053000000000000424a,0.6514978180726686,1,Old
2019_2020,00530000000000004403,-0.05580600543978618,1,Old
2020_2021,00530000000000001ea7,-1.564238907764593,0,Young
2020_2021,00530000000000001ea8,-0.13065778641926393,1,Old
2020_2021,00530000000000001eac,-0.3681829321787808,1,Old
2020_2021,00530000000000001eb3,-2.0752199148397934,0,Young
2020_2021,005300000000000022e0,-2.2733721614207743,0,Young
2020_2021,005300000000000023e3,-1.3010581986313658,0,Young
2020_2021,005300000000000023e4,0.41602683087836095,1,Old
2020_2021,005300000000000023e5,1.1104173605208754,1,Old
2020_2021,005300000000000023e6,1.3984405676732488,1,Old
2020_2021,005300000000000023e7,0.3456789207391194,1,Old
2020_2021,005300000000000023e8,1.3071778435006647,1,Old
2020_2021,005300000000000023e9,0.7549988554476957,1,Old
2020_2021,005300000000000023ea,0.8776148410943359,1,Old
2020_2021,005300000000000023eb,0.9719563887396239,1,Old
2020_2021,005300000000000023ec,0.45668700360697506,1,Old
2020_2021,005300000000000023ed,0.75633342983394,1,Old
2020_2021,005300000000000023ee,0.31840966411541666,1,Old
2020_2021,005300000000000023ef,-0.01768826458601007,1,Old
2020_2021,005300000000000023f0,-0.16679041512976261,1,Old
2020_2021,005300000000000023f1,-1.4947466995570484,0,Young
2020_2021,005300000000000023f2,-1.0274590144800626,0,Young
2020_2021,005300000000000023f3,0.39099649102168876,1,Old
2020_2021,005300000000000023f4,0.41289214995615203,1,Old
2020_2021,005300000000000023f5,0.41385977133370383,1,Old
2020_2021,005300000000000023f6,0.581795953574541,1,Old
2020_2021,005300000000000023f7,0.40500994468942,1,Old
2020_2021,005300000000000023f8,1.636887289739457,1,Old
2020_2021,005300000000000023f9,-0.2933693345865783,1,Old
2020_2021,005300000000000023fa,-0.35499936685023276,1,Old
2020_2021,005300000000000023fb,-0.8504775870116719,0,Young
2020_2021,005300000000000023fc,-0.4717400552822145,0,Young
2020_2021,005300000000000023fd,-1.601089096768369,0,Young
2020_2021,005300000000000023fe,-0.1015103460132719,1,Old
2020_2021,005300000000000023ff,-1.3276921300395015,0,Young
2020_2021,00530000000000002400,-1.045806729613045,0,Young
2020_2021,00530000000000002401,-0.4433869801869876,0,Young
2020_2021,00530000000000002402,-0.49891621719690904,0,Young
2020_2021,00530000000000002403,0.25091784720811294,1,Old
2020_2021,00530000000000002404,-0.9257850140913333,0,Young
2020_2021,00530000000000002405,-0.07057768936070537,1,Old
2020_2021,00530000000000002406,0.31332554438335664,1,Old
2020_2021,00530000000000002407,-0.7005882371192771,0,Young
2020_2021,00530000000000002408,-0.027026228946009267,1,Old
2020_2021,00530000000000002409,-0.6803818229445788,0,Young
2020_2021,0053000000000000240a,-2.7555785943540885,0,Young
2020_2021,0053000000000000240b,-0.27751527798757625,1,Old
2020_2021,0053000000000000240c,-0.538192132947338,0,Young
2020_2021,0053000000000000240d,-1.1619910212528815,0,Young
2020_2021,0053000000000000240e,-0.8757063451646007,0,Young
2020_2021,0053000000000000240f,-0.062494142977540364,1,Old
2020_2021,00530000000000002410,0.28467467213455017,1,Old
2020_2021,00530000000000002411,-0.1574825720303581,1,Old
2020_2021,00530000000000002412,-1.1972902539541141,0,Young
2020_2021,00530000000000002413,-0.7710251033208259,0,Young
2020_2021,00530000000000002415,-0.47239930062886304,0,Young
2020_2021,0053000000000000241e,-1.175218761942858,0,Young
2020_2021,00530000000000002421,-0.5777045080665076,0,Young
2020_2021,00530000000000002422,-1.4255094563403636,0,Young
2020_2021,00530000000000002423,-0.3227338017647966,1,Old
2020_2021,00530000000000002425,0.28634654895278444,1,Old
2020_2021,00530000000000002426,0.38967607446486946,1,Old
2020_2021,00530000000000002427,-0.30941133766642587,1,Old
2020_2021,00530000000000002428,-0.9998209597581847,0,Young
2020_2021,00530000000000002429,0.030132975018340596,1,Old
2020_2021,0053000000000000242a,-1.3312236487849407,0,Young
2020_2021,0053000000000000242c,-2.3696140456212973,0,Young
2020_2021,0053000000000000242d,0.5322338312208093,1,Old
2020_2021,0053000000000000242e,0.9951861401934496,1,Old
2020_2021,00530000000000002430,0.13706124519189528,1,Old
2020_2021,00530000000000002431,0.4026055697093977,1,Old
2020_2021,00530000000000002433,-0.5232130783783394,0,Young
2020_2021,00530000000000002434,0.4121389104740638,1,Old
2020_2021,00530000000000002436,-0.889618758022233,0,Young
2020_2021,00530000000000002437,-0.5985417517025241,0,Young
2020_2021,00530000000000002438,-0.33439706057586144,1,Old
2020_2021,00530000000000002439,-0.5922124384399584,0,Young
2020_2021,0053000000000000243a,-0.11501034724986643,1,Old
2020_2021,0053000000000000243b,0.19572447356924805,1,Old
2020_2021,0053000000000000243c,-0.21938755884922503,1,Old
2020_2021,00530000000000002487,0.782072909101142,1,Old
2020_2021,00530000000000002488,0.675395283149907,1,Old
2020_2021,00530000000000002489,-0.280349539104108,1,Old
2020_2021,0053000000000000248a,0.8777583046858252,1,Old
2020_2021,0053000000000000248b,0.4725976876200093,1,Old
2020_2021,0053000000000000248c,0.7567233781895574,1,Old
2020_2021,0053000000000000248d,0.3191451279204412,1,Old
2020_2021,0053000000000000248e,0.47730090758653493,1,Old
2020_2021,0053000000000000248f,0.27970675701581776,1,Old
2020_2021,00530000000000002490,0.11321635024898695,1,Old
2020_2021,00530000000000002491,0.5358479484677531,1,Old
2020_2021,00530000000000002492,0.8755221065418993,1,Old
2020_2021,00530000000000002493,0.9405160138906431,1,Old
2020_2021,00530000000000002494,0.9111171385840469,1,Old
2020_2021,00530000000000002495,1.7349905467395685,1,Old
2020_2021,00530000000000002496,1.4747091133608363,1,Old
2020_2021,00530000000000002497,1.4711216950943453,1,Old
2020_2021,00530000000000002498,-0.010857803457919925,1,Old
2020_2021,00530000000000002499,0.22060939479550282,1,Old
2020_2021,0053000000000000249a,0.169090411699392,1,Old
2020_2021,0053000000000000249b,-0.25220348319339525,1,Old
2020_2021,0053000000000000249c,0.24420620716613933,1,Old
2020_2021,0053000000000000249d,-0.02248941987480248,1,Old
2020_2021,0053000000000000249e,-0.19899093784703686,1,Old
2020_2021,0053000000000000249f,0.12085598663820746,1,Old
2020_2021,005300000000000024a0,-0.055468447071901295,1,Old
2020_2021,005300000000000024a1,0.9979276995163701,1,Old
2020_2021,005300000000000024a2,-0.10223136395162964,1,Old
2020_2021,005300000000000024a3,-0.635674979494211,0,Young
2020_2021,005300000000000024a4,0.02152977116365616,1,Old
2020_2021,005300000000000024a5,-0.34722994319651,1,Old
2020_2021,005300000000000024a6,-0.05266704425607752,1,Old
2020_2021,005300000000000024a7,0.008747265011931587,1,Old
2020_2021,005300000000000024a8,0.43575148484993753,1,Old
2020_2021,0053000000000000256d,-0.008747265011931573,1,Old
2020_2021,0053000000000000256e,-1.4036923697924752,0,Young
2020_2021,0053000000000000256f,-0.7820510114923614,0,Young
2020_2021,00530000000000002570,-0.1571057718802702,1,Old
2020_2021,00530000000000002571,1.2360559473899568,1,Old
2020_2021,00530000000000002572,0.8536655424620676,1,Old
2020_2021,00530000000000002573,0.7446656102473559,1,Old
2020_2021,00530000000000002574,-0.7808577815283596,0,Young
2020_2021,00530000000000002575,-0.9425128835378812,0,Young
2020_2021,00530000000000002576,0.09732221132258365,1,Old
2020_2021,00530000000000002577,-0.2052155805431975,1,Old
2020_2021,00530000000000002578,0.19200401945287077,1,Old
2020_2021,00530000000000002579,-0.11946553340425002,1,Old
2020_2021,00530000000000002bb8,1.1995462543689082,1,Old
2020_2021,00530000000000002f1f,-0.18463716566089397,1,Old
2020_2021,005300000000000030fb,-0.3741502506972601,1,Old
2020_2021,00530000000000003782,-0.3025003473296549,1,Old
2020_2021,00530000000000003783,0.5905479567401978,1,Old
2020_2021,00530000000000003784,0.99083105769034,1,Old
2020_2021,00530000000000003785,0.3653597694088554,1,Old
2020_2021,00530000000000003787,0.2910248399272268,1,Old
2020_2021,00530000000000003788,0.34240664163278506,1,Old
2020_2021,00530000000000003789,0.2968014296884864,1,Old
2020_2021,0053000000000000378a,-1.2857918201224179,0,Young
2020_2021,0053000000000000378b,-2.722842466959281,0,Young
2020_2021,0053000000000000378c,-1.977347873938055,0,Young
2020_2021,0053000000000000378d,-1.6416293180299477,0,Young
2020_2021,0053000000000000378e,-0.7071455159487597,0,Young
2020_2021,0053000000000000378f,-0.45419302366841013,0,Young
2020_2021,00530000000000003791,-0.1055620004732747,1,Old
2020_2021,00530000000000003792,-1.041834465399076,0,Young
2020_2021,00530000000000003793,-0.4486748234756348,0,Young
2020_2021,00530000000000003794,-2.381314404932296,0,Young
2020_2021,00530000000000003795,0.03915217285816891,1,Old
2020_2021,0053000000000000379e,-1.6003115901621578,0,Young
2020_2021,0053000000000000379f,0.10147643517847621,1,Old
2020_2021,005300000000000037a0,0.5786620415535939,1,Old
2020_2021,005300000000000037a1,0.41705375861927846,1,Old
2020_2021,005300000000000037a2,0.7401188412932542,1,Old
2020_2021,005300000000000037a3,0.8125984891690828,1,Old
2020_2021,005300000000000037a4,0.8147411758410553,1,Old
2020_2021,005300000000000037a5,0.972001975670599,1,Old
2020_2021,005300000000000037a6,1.199320314017562,1,Old
2020_2021,005300000000000037a7,-0.1145202108279307,1,Old
2020_2021,005300000000000037a8,0.24406609316685357,1,Old
2020_2021,005300000000000037a9,-0.12471897965437843,1,Old
2020_2021,005300000000000037aa,0.7321235328662632,1,Old
2020_2021,005300000000000037ab,0.9242541471623074,1,Old
2020_2021,005300000000000037ac,-0.6283919371985178,0,Young
2020_2021,005300000000000037ad,0.5537729772499055,1,Old
2020_2021,005300000000000037ae,0.10889144346334541,1,Old
2020_2021,005300000000000037af,1.3813420960793998,1,Old
2020_2021,005300000000000037b0,1.5344377800477798,1,Old
2020_2021,005300000000000037b1,1.738616863503521,1,Old
2020_2021,005300000000000037b2,1.3641768052845984,1,Old
2020_2021,005300000000000037b3,1.0378398090684537,1,Old
2020_2021,005300000000000037b4,-0.770912700126793,0,Young
2020_2021,005300000000000037b5,0.20870474829650207,1,Old
2020_2021,005300000000000037b6,0.030145338438112925,1,Old
2020_2021,005300000000000037b7,-0.3302522923655473,1,Old
2020_2021,005300000000000037b8,0.25999463155605074,1,Old
2020_2021,005300000000000037b9,0.1958260178070012,1,Old
2020_2021,005300000000000037ba,0.12216657452488376,1,Old
2020_2021,005300000000000037bb,0.23897246238245606,1,Old
2020_2021,005300000000000037bc,0.2542803177053416,1,Old
2020_2021,005300000000000037bd,-0.8102403461776871,0,Young
2020_2021,005300000000000037be,-0.3845485527083278,1,Old
2020_2021,005300000000000037bf,-0.3378515061212079,1,Old
2020_2021,005300000000000037c0,-0.820364426197938,0,Young
2020_2021,005300000000000037c2,-0.39320051289512337,1,Old
2020_2021,005300000000000037c4,0.02808752959150601,1,Old
2020_2021,00530000000000004244,0.9402993883766486,1,Old
2020_2021,00530000000000004245,-1.4166840381386294,0,Young
2020_2021,00530000000000004246,-1.835170329312784,0,Young
2020_2021,00530000000000004247,-3.0,0,Young
2020_2021,00530000000000004248,0.28610992307499145,1,Old
2020_2021,00530000000000004249,0.45034402982816785,1,Old
2020_2021,0053000000000000424a,0.45920179528617083,1,Old
2020_2021,00530000000000004403,-0.711128629463738,0,Young
2021_2022,00530000000000001ea7,-1.9118413216867571,0,Young
2021_2022,00530000000000001ea8,0.43770394917737343,1,Old
2021_2022,00530000000000001eac,-0.19836444022691938,1,Old
2021_2022,00530000000000001eb3,-1.3727539784038032,0,Young
2021_2022,005300000000000022e0,-1.4436871584790316,0,Young
2021_2022,005300000000000023e3,-0.40706817464064643,1,Old
2021_2022,005300000000000023e4,0.7260427630818553,1,Old
2021_2022,005300000000000023e5,1.3934695489990552,1,Old
2021_2022,005300000000000023e6,1.3562352799833661,1,Old
2021_2022,005300000000000023e7,0.38688168742728907,1,Old
2021_2022,005300000000000023e8,0.9010501608263365,1,Old
2021_2022,005300000000000023e9,0.329614075207366,1,Old
2021_2022,005300000000000023ea,0.4249479216612898,1,Old
2021_2022,005300000000000023eb,0.7859726561618312,1,Old
2021_2022,005300000000000023ec,0.6667846655453782,1,Old
2021_2022,005300000000000023ed,0.5471509692716924,1,Old
2021_2022,005300000000000023ee,0.32086416777969207,1,Old
2021_2022,005300000000000023ef,0.1681556900876559,1,Old
2021_2022,005300000000000023f0,0.24571668771043306,1,Old
2021_2022,005300000000000023f1,-0.5128807934892956,0,Young
2021_2022,005300000000000023f2,-1.0612272714721114,0,Young
2021_2022,005300000000000023f3,-2.334219095266984,0,Young
2021_2022,005300000000000023f4,0.29080374329425795,1,Old
2021_2022,005300000000000023f5,0.04665570813286174,1,Old
2021_2022,005300000000000023f6,0.23655517976609813,1,Old
2021_2022,005300000000000023f7,0.26435657516695804,1,Old
2021_2022,005300000000000023f8,0.4178900279865586,1,Old
2021_2022,005300000000000023f9,0.18285086772119813,1,Old
2021_2022,005300000000000023fa,-1.0531563539575786,0,Young
2021_2022,005300000000000023fb,-0.7537188426952036,0,Young
2021_2022,005300000000000023fc,-0.04720556298730545,1,Old
2021_2022,005300000000000023fd,-0.5897814312122601,0,Young
2021_2022,005300000000000023fe,-0.14686263556477525,1,Old
2021_2022,005300000000000023ff,-1.0957178909855425,0,Young
2021_2022,00530000000000002400,-1.079210653509291,0,Young
2021_2022,00530000000000002401,0.4971614558549441,1,Old
2021_2022,00530000000000002402,-0.6565879755096352,0,Young
2021_2022,00530000000000002403,-0.14490246107332724,1,Old
2021_2022,00530000000000002404,0.03055071301628388,1,Old
2021_2022,00530000000000002405,-0.07998350009495651,1,Old
2021_2022,00530000000000002406,-0.1430960164221393,1,Old
2021_2022,00530000000000002407,0.7411314214673026,1,Old
2021_2022,00530000000000002408,-0.15372895192144662,1,Old
2021_2022,00530000000000002409,0.32406095185747685,1,Old
2021_2022,0053000000000000240a,-2.481321894126509,0,Young
2021_2022,0053000000000000240b,0.0030635961819544923,1,Old
2021_2022,0053000000000000240c,-0.9317519344015548,0,Young
2021_2022,0053000000000000240d,-1.3816348501202549,0,Young
2021_2022,0053000000000000240e,-0.4918098995786038,0,Young
2021_2022,0053000000000000240f,0.13215659540313554,1,Old
2021_2022,00530000000000002410,-0.17630871890755115,1,Old
2021_2022,00530000000000002411,-0.8352943203819093,0,Young
2021_2022,00530000000000002412,-1.1228067228745438,0,Young
2021_2022,00530000000000002413,-0.717501568130967,0,Young
2021_2022,00530000000000002415,-0.399698136279934,1,Old
2021_2022,0053000000000000241e,-1.0696077692497532,0,Young
2021_2022,00530000000000002421,-0.36969845165107107,1,Old
2021_2022,00530000000000002422,-1.2574138706833937,0,Young
2021_2022,00530000000000002423,-0.40662867059168756,1,Old
2021_2022,00530000000000002425,0.1781697495302437,1,Old
2021_2022,00530000000000002426,0.35246238920271294,1,Old
2021_2022,00530000000000002427,-0.33341875926530135,1,Old
2021_2022,00530000000000002428,-0.8887708686798261,0,Young
2021_2022,00530000000000002429,0.22287133348151614,1,Old
2021_2022,0053000000000000242a,-1.8153003657269526,0,Young
2021_2022,0053000000000000242c,-1.6064222842609144,0,Young
2021_2022,0053000000000000242d,0.687295090185888,1,Old
2021_2022,0053000000000000242e,-0.025829378585015116,1,Old
2021_2022,00530000000000002430,0.39621251235952215,1,Old
2021_2022,00530000000000002431,0.47220154688300836,1,Old
2021_2022,00530000000000002433,-0.863075178776199,0,Young
2021_2022,00530000000000002434,0.24252193363387242,1,Old
2021_2022,00530000000000002436,-0.5444413327713303,0,Young
2021_2022,00530000000000002437,-0.8149723845876923,0,Young
2021_2022,00530000000000002438,-0.7631277213323832,0,Young
2021_2022,00530000000000002439,-1.2998551031705103,0,Young
2021_2022,0053000000000000243a,-0.006196251715664581,1,Old
2021_2022,0053000000000000243b,0.11765411444180474,1,Old
2021_2022,0053000000000000243c,-0.2074242903660596,1,Old
2021_2022,00530000000000002487,0.7117880062084644,1,Old
2021_2022,00530000000000002488,0.4732516103019462,1,Old
2021_2022,00530000000000002489,-0.052198034932130974,1,Old
2021_2022,0053000000000000248a,0.8959554466835907,1,Old
2021_2022,0053000000000000248b,0.4193467633278947,1,Old
2021_2022,0053000000000000248c,0.5014973848403552,1,Old
2021_2022,0053000000000000248d,0.6159071979057116,1,Old
2021_2022,0053000000000000248e,0.5511516517481054,1,Old
2021_2022,0053000000000000248f,0.6032165026137103,1,Old
2021_2022,00530000000000002490,0.33351902478057915,1,Old
2021_2022,00530000000000002491,0.5788323439746789,1,Old
2021_2022,00530000000000002492,0.7391403034736752,1,Old
2021_2022,00530000000000002493,0.7166362012683678,1,Old
2021_2022,00530000000000002494,0.5935659181573076,1,Old
2021_2022,00530000000000002495,1.3698052521388233,1,Old
2021_2022,00530000000000002496,1.1520677704591413,1,Old
2021_2022,00530000000000002497,1.130256973273988,1,Old
2021_2022,00530000000000002498,0.20438354466499464,1,Old
2021_2022,00530000000000002499,0.41848618441478685,1,Old
2021_2022,0053000000000000249a,0.23568450159441004,1,Old
2021_2022,0053000000000000249b,-0.37621483072873857,1,Old
2021_2022,0053000000000000249c,-0.3177210058234389,1,Old
2021_2022,0053000000000000249d,-0.19401849634178622,1,Old
2021_2022,0053000000000000249e,0.18958725513302546,1,Old
2021_2022,0053000000000000249f,-0.1455464707578656,1,Old
2021_2022,005300000000000024a0,-0.37252610875445785,1,Old
2021_2022,005300000000000024a1,0.5104093639533391,1,Old
2021_2022,005300000000000024a2,-0.1322979025476094,1,Old
2021_2022,005300000000000024a3,-0.01967410819231764,1,Old
2021_2022,005300000000000024a4,0.3811252232939716,1,Old
2021_2022,005300000000000024a5,-0.43965948135464306,0,Young
2021_2022,005300000000000024a6,-0.7251460005095194,0,Young
2021_2022,005300000000000024a7,-0.27887046143825234,1,Old
2021_2022,005300000000000024a8,-1.6765711872755302,0,Young
2021_2022,0053000000000000256d,0.08952912595321029,1,Old
2021_2022,0053000000000000256e,-0.5761507926834257,0,Young
2021_2022,0053000000000000256f,-0.19804064119807163,1,Old
2021_2022,00530000000000002570,-0.055920455800096525,1,Old
2021_2022,00530000000000002571,1.4963339913461968,1,Old
2021_2022,00530000000000002572,1.0317586321077779,1,Old
2021_2022,00530000000000002573,0.7999262981381587,1,Old
2021_2022,00530000000000002574,0.14495383331632777,1,Old
2021_2022,00530000000000002575,-0.19684597194975134,1,Old
2021_2022,00530000000000002576,0.3225979161980173,1,Old
2021_2022,00530000000000002577,0.2732230547875356,1,Old
2021_2022,00530000000000002578,0.5078044293755637,1,Old
2021_2022,00530000000000002579,0.13501336821039803,1,Old
2021_2022,00530000000000002bb8,1.0279682672222588,1,Old
2021_2022,00530000000000002f1f,0.07575651932798601,1,Old
2021_2022,005300000000000030fb,-0.926835162785269,0,Young
2021_2022,00530000000000003782,-0.2338733902184821,1,Old
2021_2022,00530000000000003783,0.8128212840199402,1,Old
2021_2022,00530000000000003784,1.2266598168123748,1,Old
2021_2022,00530000000000003785,0.6943188832762325,1,Old
2021_2022,00530000000000003787,-0.1610995325777434,1,Old
2021_2022,00530000000000003788,0.09669518995909908,1,Old
2021_2022,00530000000000003789,0.4098507183047938,1,Old
2021_2022,0053000000000000378a,-0.858234174458778,0,Young
2021_2022,0053000000000000378b,-2.4601648405087952,0,Young
2021_2022,0053000000000000378c,-1.280708449821859,0,Young
2021_2022,0053000000000000378d,-1.3297186539628605,0,Young
2021_2022,0053000000000000378e,-0.4562540007934282,0,Young
2021_2022,0053000000000000378f,-0.08647348267696675,1,Old
2021_2022,00530000000000003791,-1.0877209296980461,0,Young
2021_2022,00530000000000003792,-0.6238311813981103,0,Young
2021_2022,00530000000000003793,-0.5580291970784937,0,Young
2021_2022,00530000000000003794,-1.8323917595167427,0,Young
2021_2022,00530000000000003795,0.16557038049246262,1,Old
2021_2022,0053000000000000379e,-1.3018947310189517,0,Young
2021_2022,0053000000000000379f,-0.0030635961819544923,1,Old
2021_2022,005300000000000037a0,0.8770993610295387,1,Old
2021_2022,005300000000000037a1,0.4555465127950116,1,Old
2021_2022,005300000000000037a2,0.8449537975392777,1,Old
2021_2022,005300000000000037a3,0.6724267374793709,1,Old
2021_2022,005300000000000037a4,0.6550108839579089,1,Old
2021_2022,005300000000000037a5,0.6218366292620672,1,Old
2021_2022,005300000000000037a6,0.9468504927172186,1,Old
2021_2022,005300000000000037a7,0.5408328266590853,1,Old
2021_2022,005300000000000037a8,0.8237190989143127,1,Old
2021_2022,005300000000000037a9,0.3912579453164313,1,Old
2021_2022,005300000000000037aa,0.35592541362490215,1,Old
2021_2022,005300000000000037ab,0.777143471858742,1,Old
2021_2022,005300000000000037ac,-0.03516388889344333,1,Old
2021_2022,005300000000000037ad,0.5200291396012194,1,Old
2021_2022,005300000000000037ae,-0.03128312589389069,1,Old
2021_2022,005300000000000037af,1.2558735590004446,1,Old
2021_2022,005300000000000037b0,1.1643494115522046,1,Old
2021_2022,005300000000000037b1,1.295380307529395,1,Old
2021_2022,005300000000000037b2,1.1086861192138462,1,Old
2021_2022,005300000000000037b3,0.7964172345104921,1,Old
2021_2022,005300000000000037b4,0.033732492615178536,1,Old
2021_2022,005300000000000037b5,-0.02972398404659455,1,Old
2021_2022,005300000000000037b6,-0.3565033340544808,1,Old
2021_2022,005300000000000037b7,-0.20246863051508884,1,Old
2021_2022,005300000000000037b8,-0.043433109063294735,1,Old
2021_2022,005300000000000037b9,-0.4314216301448946,0,Young
2021_2022,005300000000000037ba,-0.004288748675849052,1,Old
2021_2022,005300000000000037bb,0.17970104648906168,1,Old
2021_2022,005300000000000037bc,0.08912336342232553,1,Old
2021_2022,005300000000000037bd,-1.519769152068016,0,Young
2021_2022,005300000000000037be,-0.44091136568950945,0,Young
2021_2022,005300000000000037bf,-1.0973313327386427,0,Young
2021_2022,005300000000000037c0,-1.384249400963668,0,Young
2021_2022,005300000000000037c2,-0.07217385931344499,1,Old
2021_2022,005300000000000037c4,0.15290514980827355,1,Old
2021_2022,00530000000000004244,0.6877271473381459,1,Old
2021_2022,00530000000000004245,-0.08367661701079876,1,Old
2021_2022,00530000000000004246,-0.1375631758445261,1,Old
2021_2022,00530000000000004247,-1.275026464096942,0,Young
2021_2022,00530000000000004248,-2.2509163127248777,0,Young
2021_2022,00530000000000004249,-1.7158928605151664,0,Young
2021_2022,0053000000000000424a,-2.2503903153457934,0,Young
2021_2022,00530000000000004403,-0.638528186231432,0,Young
2022_2023,00530000000000001ea7,-0.9804543147091245,0,Young
2022_2023,00530000000000001ea8,0.065495156335353,1,Old
2022_2023,00530000000000001eac,-0.2145774458138633,1,Old
2022_2023,00530000000000001eb3,-1.3229846148441382,0,Young
2022_2023,005300000000000022e0,-1.2615220762322228,0,Young
2022_2023,005300000000000023e3,-0.02980579573224651,1,Old
2022_2023,005300000000000023e4,0.62164096852802,1,Old
2022_2023,005300000000000023e5,1.131596103374364,1,Old
2022_2023,005300000000000023e6,0.7210556619677982,1,Old
2022_2023,005300000000000023e7,-0.45499624113820736,0,Young
2022_2023,005300000000000023e8,0.8223879471126061,1,Old
2022_2023,005300000000000023e9,0.48181502888805683,1,Old
2022_2023,005300000000000023ea,0.47653597577809453,1,Old
2022_2023,005300000000000023eb,0.9105064326483737,1,Old
2022_2023,005300000000000023ec,0.5990179962607565,1,Old
2022_2023,005300000000000023ed,0.5579769249080833,1,Old
2022_2023,005300000000000023ee,0.3623434319176097,1,Old
2022_2023,005300000000000023ef,0.3173539711255591,1,Old
2022_2023,005300000000000023f0,-2.433712032011254,0,Young
2022_2023,005300000000000023f1,-0.7138177712342875,0,Young
2022_2023,005300000000000023f2,-1.2127484946169858,0,Young
2022_2023,005300000000000023f4,-0.4202509912968865,0,Young
2022_2023,005300000000000023f5,0.2827920615306801,1,Old
2022_2023,005300000000000023f6,0.38633286114760124,1,Old
2022_2023,005300000000000023f7,0.5052352703408306,1,Old
2022_2023,005300000000000023f8,0.2942859163107112,1,Old
2022_2023,005300000000000023f9,-0.06832288020793485,1,Old
2022_2023,005300000000000023fa,-0.9793561272673535,0,Young
2022_2023,005300000000000023fb,-0.8076253090630952,0,Young
2022_2023,005300000000000023fc,-0.25684093282371956,1,Old
2022_2023,005300000000000023fd,-0.7752361523053761,0,Young
2022_2023,005300000000000023fe,-0.23962085387017668,1,Old
2022_2023,005300000000000023ff,-1.814644140802932,0,Young
2022_2023,00530000000000002400,-1.0253544300076898,0,Young
2022_2023,00530000000000002401,0.08878679134963359,1,Old
2022_2023,00530000000000002402,-0.46722714954607614,0,Young
2022_2023,00530000000000002403,-0.019261929806054286,1,Old
2022_2023,00530000000000002404,0.1687324484254441,1,Old
2022_2023,00530000000000002405,-0.04403175698405394,1,Old
2022_2023,00530000000000002406,-0.14194133309521278,1,Old
2022_2023,00530000000000002407,0.6027599979397833,1,Old
2022_2023,00530000000000002408,-0.5028018032358742,0,Young
2022_2023,00530000000000002409,0.16981157913290246,1,Old
2022_2023,0053000000000000240a,-2.387088735607216,0,Young
2022_2023,0053000000000000240b,0.2717287722176417,1,Old
2022_2023,0053000000000000240c,-0.5842713736998291,0,Young
2022_2023,0053000000000000240d,-2.0550515718623252,0,Young
2022_2023,0053000000000000240e,-0.3893731378878962,1,Old
2022_2023,0053000000000000240f,0.1807036921334703,1,Old
2022_2023,00530000000000002410,0.0337190685815185,1,Old
2022_2023,00530000000000002411,-0.8930872804706218,0,Young
2022_2023,00530000000000002412,-1.1211984087781306,0,Young
2022_2023,00530000000000002413,-0.6561140892829465,0,Young
2022_2023,00530000000000002415,-0.2606053156519677,1,Old
2022_2023,0053000000000000241e,-0.550309701204834,0,Young
2022_2023,00530000000000002421,-0.9775029573417315,0,Young
2022_2023,00530000000000002422,-0.624010177564575,0,Young
2022_2023,00530000000000002423,-0.4095778263937245,1,Old
2022_2023,00530000000000002425,0.051759709873606057,1,Old
2022_2023,00530000000000002426,0.20217242010882336,1,Old
2022_2023,00530000000000002427,-0.4224965068676173,0,Young
2022_2023,00530000000000002428,-0.7124047741423697,0,Young
2022_2023,00530000000000002429,0.018941575884445155,1,Old
2022_2023,0053000000000000242a,-1.7843821152154768,0,Young
2022_2023,0053000000000000242c,-1.3405335092981312,0,Young
2022_2023,0053000000000000242d,0.702988401579583,1,Old
2022_2023,0053000000000000242e,0.462810596549717,1,Old
2022_2023,00530000000000002430,0.4335116162136781,1,Old
2022_2023,00530000000000002431,0.6972474215086425,1,Old
2022_2023,00530000000000002433,-0.9369059430808089,0,Young
2022_2023,00530000000000002434,0.14278408809467422,1,Old
2022_2023,00530000000000002436,-0.4018538825817365,1,Old
2022_2023,00530000000000002437,-0.9297106875022095,0,Young
2022_2023,00530000000000002438,-0.6274172343895743,0,Young
2022_2023,00530000000000002439,-0.9646076000391183,0,Young
2022_2023,0053000000000000243a,0.043286527137662734,1,Old
2022_2023,0053000000000000243b,-0.10352500819299684,1,Old
2022_2023,0053000000000000243c,-0.4613840859111407,0,Young
2022_2023,00530000000000002487,0.7569764589645527,1,Old
2022_2023,00530000000000002488,0.6510719901555179,1,Old
2022_2023,00530000000000002489,0.029285664394210095,1,Old
2022_2023,0053000000000000248a,0.883672672123173,1,Old
2022_2023,0053000000000000248b,0.49561637844554096,1,Old
2022_2023,0053000000000000248c,0.5762677732871385,1,Old
2022_2023,0053000000000000248d,0.3210462432857216,1,Old
2022_2023,0053000000000000248e,0.40961727849989205,1,Old
2022_2023,0053000000000000248f,0.252594759956315,1,Old
2022_2023,00530000000000002490,0.06650881818699965,1,Old
2022_2023,00530000000000002491,0.650123624990193,1,Old
2022_2023,00530000000000002492,0.7343363266317151,1,Old
2022_2023,00530000000000002493,0.7282575826632203,1,Old
2022_2023,00530000000000002494,0.7583039916206391,1,Old
2022_2023,00530000000000002495,1.353089746796891,1,Old
2022_2023,00530000000000002496,1.2351974131750907,1,Old
2022_2023,00530000000000002497,1.0576270912894692,1,Old
2022_2023,00530000000000002498,-0.5320126600711628,0,Young
2022_2023,00530000000000002499,-0.11232610540337497,1,Old
2022_2023,0053000000000000249a,-0.5108428285201218,0,Young
2022_2023,0053000000000000249b,-0.2333496336083971,1,Old
2022_2023,0053000000000000249c,-0.2808230387743391,1,Old
2022_2023,0053000000000000249d,-0.4328168056521697,0,Young
2022_2023,0053000000000000249e,-2.4563439857840943,0,Young
2022_2023,0053000000000000249f,-0.3690255477259481,1,Old
2022_2023,005300000000000024a0,-0.23036946263087282,1,Old
2022_2023,005300000000000024a1,0.3067364884079936,1,Old
2022_2023,005300000000000024a2,-0.23762496275035763,1,Old
2022_2023,005300000000000024a3,-2.079484008432987,0,Young
2022_2023,005300000000000024a4,0.22671912696828522,1,Old
2022_2023,005300000000000024a5,-0.1647081451420416,1,Old
2022_2023,005300000000000024a6,-0.3090054867537428,1,Old
2022_2023,005300000000000024a7,0.10584143326280791,1,Old
2022_2023,005300000000000024a8,-1.8368176015368873,0,Young
2022_2023,0053000000000000256d,-0.09993907015341111,1,Old
2022_2023,0053000000000000256e,-0.36813011713476096,1,Old
2022_2023,0053000000000000256f,0.21810699749122783,1,Old
2022_2023,00530000000000002570,0.15372422895616952,1,Old
2022_2023,00530000000000002571,1.116977856200352,1,Old
2022_2023,00530000000000002572,0.7608064253687017,1,Old
2022_2023,00530000000000002573,0.6392243779130529,1,Old
2022_2023,00530000000000002574,0.8245218139899866,1,Old
2022_2023,00530000000000002575,0.4991914495055231,1,Old
2022_2023,00530000000000002576,0.4306357524240521,1,Old
2022_2023,00530000000000002577,0.40145395686086705,1,Old
2022_2023,00530000000000002578,0.5940798781610932,1,Old
2022_2023,00530000000000002579,0.2741452165592404,1,Old
2022_2023,00530000000000002bb8,0.8281326847407926,1,Old
2022_2023,00530000000000002f1f,-2.6476121655103335,0,Young
2022_2023,005300000000000030fb,-0.5095113441798154,0,Young
2022_2023,00530000000000003782,0.027205102286591454,1,Old
2022_2023,00530000000000003783,0.8011668739338426,1,Old
2022_2023,00530000000000003784,0.9418766572635504,1,Old
2022_2023,00530000000000003785,0.620483311326047,1,Old
2022_2023,00530000000000003787,-0.8077930667229352,0,Young
2022_2023,00530000000000003788,-0.6030091334957678,0,Young
2022_2023,00530000000000003789,-0.13767750099568943,1,Old
2022_2023,0053000000000000378a,-0.6303222278371858,0,Young
2022_2023,0053000000000000378b,-2.4133907894402293,0,Young
2022_2023,0053000000000000378c,-1.4347377716225087,0,Young
2022_2023,0053000000000000378d,-1.3895076531466477,0,Young
2022_2023,0053000000000000378e,-0.4837161920431621,0,Young
2022_2023,0053000000000000378f,-0.11516867489101933,1,Old
2022_2023,00530000000000003791,-0.34354871773175744,1,Old
2022_2023,00530000000000003792,-0.3192722600742477,1,Old
2022_2023,00530000000000003793,-0.4938375652264975,0,Young
2022_2023,00530000000000003794,-1.527757921582768,0,Young
2022_2023,00530000000000003795,0.11972516426883249,1,Old
2022_2023,0053000000000000379e,-0.9954274693513725,0,Young
2022_2023,0053000000000000379f,0.0004123610856467494,1,Old
2022_2023,005300000000000037a0,0.5732688017009148,1,Old
2022_2023,005300000000000037a1,0.408834537620817,1,Old
2022_2023,005300000000000037a2,0.688680644220509,1,Old
2022_2023,005300000000000037a3,0.7216926025213086,1,Old
2022_2023,005300000000000037a4,0.7498292450835173,1,Old
2022_2023,005300000000000037a5,0.9059768600335059,1,Old
2022_2023,005300000000000037a6,1.0607701065288424,1,Old
2022_2023,005300000000000037a7,0.195847640025762,1,Old
2022_2023,005300000000000037a8,0.41802233554983814,1,Old
2022_2023,005300000000000037a9,0.04234040005562474,1,Old
2022_2023,005300000000000037aa,0.612814696574644,1,Old
2022_2023,005300000000000037ab,0.6080398841704505,1,Old
2022_2023,005300000000000037ac,-0.29507947885244423,1,Old
2022_2023,005300000000000037ad,0.4053986292744298,1,Old
2022_2023,005300000000000037ae,0.29403356359624605,1,Old
2022_2023,005300000000000037af,1.220918088441442,1,Old
2022_2023,005300000000000037b0,1.0824856779453746,1,Old
2022_2023,005300000000000037b1,1.272923736976983,1,Old
2022_2023,005300000000000037b2,0.8294112588034899,1,Old
2022_2023,005300000000000037b3,0.6634789750131678,1,Old
2022_2023,005300000000000037b4,-0.5993849286470992,0,Young
2022_2023,005300000000000037b5,-0.3642859524979075,1,Old
2022_2023,005300000000000037b6,-0.4047135927528638,1,Old
2022_2023,005300000000000037b7,-0.3302964549264257,1,Old
2022_2023,005300000000000037b8,-0.1641705079160762,1,Old
2022_2023,005300000000000037b9,-0.40007115448653596,1,Old
2022_2023,005300000000000037ba,-0.23936857258767946,1,Old
2022_2023,005300000000000037bb,-0.1807918099453756,1,Old
2022_2023,005300000000000037bc,-0.0004123610856467494,1,Old
2022_2023,005300000000000037bd,-1.0539852162573917,0,Young
2022_2023,005300000000000037be,-0.05028915393601008,1,Old
2022_2023,005300000000000037bf,-0.6210514568067641,0,Young
2022_2023,005300000000000037c0,-0.9495533625597261,0,Young
2022_2023,005300000000000037c2,0.13339860083529217,1,Old
2022_2023,005300000000000037c4,0.36754083017589984,1,Old
2022_2023,00530000000000004244,0.5785867721070828,1,Old
2022_2023,00530000000000004245,0.06383737864315384,1,Old
2022_2023,00530000000000004246,0.10187767541167254,1,Old
2022_2023,00530000000000004247,-0.28629356511620996,1,Old
2022_2023,00530000000000004249,0.7124857774483002,1,Old
2022_2023,0053000000000000424a,-0.7895093926693818,0,Young
2022_2023,00530000000000004403,-0.6441319666806968,0,Young
2023_2024,00530000000000001ea7,-2.4528113454590685,0,Young
2023_2024,00530000000000001ea8,0.3644710599293429,1,Old
2023_2024,00530000000000001eac,-0.7651745653040499,0,Young
2023_2024,00530000000000001eb3,-1.3105240875273554,0,Young
2023_2024,005300000000000022e0,-1.3231148242627397,0,Young
2023_2024,005300000000000023e3,0.8131419911031541,1,Old
2023_2024,005300000000000023e4,0.3102159140474102,1,Old
2023_2024,005300000000000023e5,1.1204473291623271,1,Old
2023_2024,005300000000000023e6,0.5166219775483678,1,Old
2023_2024,005300000000000023e7,-2.3240625292847827,0,Young
2023_2024,005300000000000023e8,0.7798806743316447,1,Old
2023_2024,005300000000000023e9,0.5334052239761646,1,Old
2023_2024,005300000000000023ea,0.738108625126732,1,Old
2023_2024,005300000000000023eb,0.7288336759429731,1,Old
2023_2024,005300000000000023ec,0.7836461605337619,1,Old
2023_2024,005300000000000023ed,0.4167748834653515,1,Old
2023_2024,005300000000000023ee,3.0,1,Old
2023_2024,005300000000000023ef,0.02061021779852979,1,Old
2023_2024,005300000000000023f0,-2.6883971877937665,0,Young
2023_2024,005300000000000023f1,-0.7359794436343793,0,Young
2023_2024,005300000000000023f2,-1.1268621801723666,0,Young
2023_2024,005300000000000023f4,0.19873415305069453,1,Old
2023_2024,005300000000000023f5,-0.01883730703101471,1,Old
2023_2024,005300000000000023f6,0.08289319652490897,1,Old
2023_2024,005300000000000023f7,0.396881367029943,1,Old
2023_2024,005300000000000023f8,0.8922123959561039,1,Old
2023_2024,005300000000000023f9,-2.6734978638627194,0,Young
2023_2024,005300000000000023fa,-0.2332826666584211,1,Old
2023_2024,005300000000000023fb,-0.6882137125943989,0,Young
2023_2024,005300000000000023fc,-0.325520192043257,1,Old
2023_2024,005300000000000023fd,-0.9964209847337488,0,Young
2023_2024,005300000000000023fe,0.005443830619835592,1,Old
2023_2024,005300000000000023ff,-1.6922560546086942,0,Young
2023_2024,00530000000000002400,-1.9179519633646167,0,Young
2023_2024,00530000000000002401,0.29239248647696225,1,Old
2023_2024,00530000000000002402,-0.46088998214591875,0,Young
2023_2024,00530000000000002403,0.1705765765849073,1,Old
2023_2024,00530000000000002404,0.23023194549426831,1,Old
2023_2024,00530000000000002405,-0.05189154080054793,1,Old
2023_2024,00530000000000002406,0.1819809148081764,1,Old
2023_2024,00530000000000002407,0.42485924996096486,1,Old
2023_2024,00530000000000002408,-3.0,0,Young
2023_2024,00530000000000002409,0.18986737872124831,1,Old
2023_2024,0053000000000000240a,-2.9657145957977806,0,Young
2023_2024,0053000000000000240b,0.3961172457816195,1,Old
2023_2024,0053000000000000240c,-0.488254832794447,0,Young
2023_2024,0053000000000000240d,-2.334616410156158,0,Young
2023_2024,0053000000000000240e,-0.22565374767651106,1,Old
2023_2024,0053000000000000240f,0.052516788706032734,1,Old
2023_2024,00530000000000002410,0.2160647492132832,1,Old
2023_2024,00530000000000002411,-1.2675245845209053,0,Young
2023_2024,00530000000000002412,-1.0216032949778098,0,Young
2023_2024,00530000000000002413,-1.0384252354417411,0,Young
2023_2024,00530000000000002415,-0.7347870244357668,0,Young
2023_2024,0053000000000000241e,-0.4861192823607509,0,Young
2023_2024,00530000000000002421,-0.7769768269469156,0,Young
2023_2024,00530000000000002422,-0.808796729786899,0,Young
2023_2024,00530000000000002423,-0.30234806018361204,1,Old
2023_2024,00530000000000002425,-0.008319626982873755,1,Old
2023_2024,00530000000000002426,0.11158527343720766,1,Old
2023_2024,00530000000000002427,-0.856098235836808,0,Young
2023_2024,00530000000000002428,-0.6075068661985101,0,Young
2023_2024,00530000000000002429,-0.09843844404478048,1,Old
2023_2024,0053000000000000242a,-1.757296244833004,0,Young
2023_2024,0053000000000000242c,-1.5495757657441174,0,Young
2023_2024,0053000000000000242d,0.7009998919230803,1,Old
2023_2024,0053000000000000242e,-0.22979711343980236,1,Old
2023_2024,00530000000000002430,0.2839883803536732,1,Old
2023_2024,00530000000000002431,0.442045936533584,1,Old
2023_2024,00530000000000002433,-0.8162510802416043,0,Young
2023_2024,00530000000000002434,-0.13431102302790365,1,Old
2023_2024,00530000000000002436,-0.4939124476728159,0,Young
2023_2024,00530000000000002437,-3.0,0,Young
2023_2024,00530000000000002438,-3.0,0,Young
2023_2024,00530000000000002439,-0.5854984595374663,0,Young
2023_2024,0053000000000000243a,0.354208198650226,1,Old
2023_2024,0053000000000000243b,-0.24436011124864399,1,Old
2023_2024,0053000000000000243c,-0.8294182852297006,0,Young
2023_2024,00530000000000002487,0.41971540248558153,1,Old
2023_2024,00530000000000002488,0.4013786862456435,1,Old
2023_2024,00530000000000002489,-0.451485194862085,0,Young
2023_2024,0053000000000000248a,0.31696515934260033,1,Old
2023_2024,0053000000000000248b,0.17081744377838906,1,Old
2023_2024,0053000000000000248c,0.2852372112378532,1,Old
2023_2024,0053000000000000248d,0.33041416199738505,1,Old
2023_2024,0053000000000000248e,0.26596189720875535,1,Old
2023_2024,0053000000000000248f,0.2462317636026828,1,Old
2023_2024,00530000000000002490,0.11515771127123264,1,Old
2023_2024,00530000000000002491,0.5768981280170575,1,Old
2023_2024,00530000000000002492,0.6295018883055814,1,Old
2023_2024,00530000000000002493,0.4808476113694539,1,Old
2023_2024,00530000000000002494,0.7276333235258441,1,Old
2023_2024,00530000000000002495,1.377559713339509,1,Old
2023_2024,00530000000000002496,1.180361154039111,1,Old
2023_2024,00530000000000002497,1.1861818761710847,1,Old
2023_2024,00530000000000002498,0.11883035093060837,1,Old
2023_2024,00530000000000002499,0.12358847388028057,1,Old
2023_2024,0053000000000000249a,-0.12647514217070227,1,Old
2023_2024,0053000000000000249b,-0.5675835304655048,0,Young
2023_2024,0053000000000000249c,-0.5022229137339711,0,Young
2023_2024,0053000000000000249d,-0.3172364384548954,1,Old
2023_2024,0053000000000000249e,-0.6538131672762163,0,Young
2023_2024,0053000000000000249f,-0.32742584507682715,1,Old
2023_2024,005300000000000024a0,-0.5536610929820102,0,Young
2023_2024,005300000000000024a1,0.5277909955359715,1,Old
2023_2024,005300000000000024a2,-0.49106637665471636,0,Young
2023_2024,005300000000000024a3,-0.4644300595512812,0,Young
2023_2024,005300000000000024a4,0.35441190646507464,1,Old
2023_2024,005300000000000024a5,-0.5491468194397675,0,Young
2023_2024,005300000000000024a6,-0.401945150349975,1,Old
2023_2024,005300000000000024a7,0.04847272283072315,1,Old
2023_2024,005300000000000024a8,-1.3829721641553168,0,Young
2023_2024,0053000000000000256d,-0.005443830619835592,1,Old
2023_2024,0053000000000000256e,-0.7453834779567213,0,Young
2023_2024,0053000000000000256f,-0.37876145336818345,1,Old
2023_2024,00530000000000002570,-0.09278006168447138,1,Old
2023_2024,00530000000000002571,0.9457265337433837,1,Old
2023_2024,00530000000000002572,0.4862794748206418,1,Old
2023_2024,00530000000000002573,0.3237594543801583,1,Old
2023_2024,00530000000000002574,0.7627027727106857,1,Old
2023_2024,00530000000000002575,0.7600434463249397,1,Old
2023_2024,00530000000000002576,-0.1971938881273287,1,Old
2023_2024,00530000000000002577,-0.14874000551612995,1,Old
2023_2024,00530000000000002578,0.7961769000320085,1,Old
2023_2024,00530000000000002579,0.07620515153751779,1,Old
2023_2024,00530000000000002bb8,0.9906619418434376,1,Old
2023_2024,00530000000000002f1f,-2.8165678941731644,0,Young
2023_2024,005300000000000030fb,-0.16238508719421296,1,Old
2023_2024,00530000000000003782,-0.37890867688478735,1,Old
2023_2024,00530000000000003783,0.6785749781398156,1,Old
2023_2024,00530000000000003784,1.036910763131955,1,Old
2023_2024,00530000000000003785,0.48306905223585,1,Old
2023_2024,00530000000000003787,0.0927467629128682,1,Old
2023_2024,00530000000000003788,0.1455298886391591,1,Old
2023_2024,00530000000000003789,0.14946585182545377,1,Old
2023_2024,0053000000000000378a,-0.5479532561262362,0,Young
2023_2024,0053000000000000378b,-3.0,0,Young
2023_2024,0053000000000000378c,-2.5296970242916896,0,Young
2023_2024,0053000000000000378d,-1.4605688078788286,0,Young
2023_2024,0053000000000000378e,-1.1391272653329498,0,Young
2023_2024,0053000000000000378f,-0.6657360547766404,0,Young
2023_2024,00530000000000003791,-0.5301180042360231,0,Young
2023_2024,00530000000000003792,-0.5159840780942323,0,Young
2023_2024,00530000000000003793,-0.841254313323708,0,Young
2023_2024,00530000000000003794,-2.228533490557297,0,Young
2023_2024,00530000000000003795,0.3644834251951984,1,Old
2023_2024,0053000000000000379e,-1.3291193618969188,0,Young
2023_2024,0053000000000000379f,0.024356065716453698,1,Old
2023_2024,005300000000000037a0,0.5524195722651478,1,Old
2023_2024,005300000000000037a1,0.024546611231212382,1,Old
2023_2024,005300000000000037a2,0.710009389183619,1,Old
2023_2024,005300000000000037a3,0.6346097714868324,1,Old
2023_2024,005300000000000037a4,0.5355758668507061,1,Old
2023_2024,005300000000000037a5,0.7423088697570829,1,Old
2023_2024,005300000000000037a6,0.9136098866850354,1,Old
2023_2024,005300000000000037a7,0.20444141265407328,1,Old
2023_2024,005300000000000037a8,0.710926627374528,1,Old
2023_2024,005300000000000037a9,0.05300615444590465,1,Old
2023_2024,005300000000000037aa,0.7965224806552333,1,Old
2023_2024,005300000000000037ab,0.7903010010474623,1,Old
2023_2024,005300000000000037ac,-0.15093160201818534,1,Old
2023_2024,005300000000000037ad,0.325517537716725,1,Old
2023_2024,005300000000000037ae,0.14034890684023765,1,Old
2023_2024,005300000000000037af,1.302192795793182,1,Old
2023_2024,005300000000000037b0,1.0723763659642562,1,Old
2023_2024,005300000000000037b1,1.398245809593644,1,Old
2023_2024,005300000000000037b2,1.0899925338564753,1,Old
2023_2024,005300000000000037b3,0.7491541042699582,1,Old
2023_2024,005300000000000037b4,-0.2102267247419172,1,Old
2023_2024,005300000000000037b5,-0.13603685221260797,1,Old
2023_2024,005300000000000037b6,-0.1357832484124803,1,Old
2023_2024,005300000000000037b7,-0.3415886809015152,1,Old
2023_2024,005300000000000037b8,-0.20515559960455496,1,Old
2023_2024,005300000000000037b9,-0.24509622960003663,1,Old
2023_2024,005300000000000037ba,-0.1305376616161465,1,Old
2023_2024,005300000000000037bb,-0.19798811652809134,1,Old
2023_2024,005300000000000037bc,0.4077952439823211,1,Old
2023_2024,005300000000000037bd,-1.439412158734419,0,Young
2023_2024,005300000000000037be,-0.3005440881353926,1,Old
2023_2024,005300000000000037bf,-0.8816490537631847,0,Young
2023_2024,005300000000000037c0,-1.2678059821554788,0,Young
2023_2024,005300000000000037c2,0.17317098272715156,1,Old
2023_2024,005300000000000037c4,0.17467763000216766,1,Old
2023_2024,00530000000000004244,0.8122085577798621,1,Old
2023_2024,00530000000000004245,0.4399618494181091,1,Old
2023_2024,00530000000000004246,0.2774035828710266,1,Old
2023_2024,00530000000000004247,-0.4116844475257945,1,Old
2023_2024,00530000000000004249,0.8991074444706406,1,Old
2023_2024,0053000000000000424a,-1.149144587218581,0,Young
2023_2024,00530000000000004403,-1.1892136300912333,0,Young
