orch_id,season_from,season_to,flip,magnitude,distance
00530000000000001ea7,2018_2019,2019_2020,0,Medium,0.9412770764132995
00530000000000001ea7,2019_2020,2020_2021,0,Small,0.725545858182514
00530000000000001ea7,2020_2021,2021_2022,1,Large,3.205395918926545
00530000000000001ea7,2021_2022,2022_2023,1,Large,1.9350068417608213
00530000000000001ea7,2022_2023,2023_2024,0,Medium,0.7727174051390161
00530000000000001ea8,2018_2019,2019_2020,1,Large,1.849217468927733
00530000000000001ea8,2019_2020,2020_2021,0,Large,3.130420246325938
00530000000000001ea8,2020_2021,2021_2022,0,Large,2.2595635075333314
00530000000000001ea8,2021_2022,2022_2023,0,Medium,0.9217220488981028
00530000000000001ea8,2022_2023,2023_2024,0,Medium,0.760425647124472
00530000000000001eac,2018_2019,2019_2020,1,Large,2.5882875374890424
00530000000000001eac,2019_2020,2020_2021,1,Large,1.9401631389153766
00530000000000001eac,2020_2021,2021_2022,0,Large,1.7476969298679434
00530000000000001eac,2021_2022,2022_2023,0,Medium,0.996272057640924
00530000000000001eac,2022_2023,2023_2024,0,Small,0.39698432455703186
00530000000000001eb3,2018_2019,2019_2020,1,Medium,1.0301163730940457
00530000000000001eb3,2019_2020,2020_2021,0,Large,1.2530080731153963
00530000000000001eb3,2020_2021,2021_2022,0,Large,1.4661031144034324
00530000000000001eb3,2021_2022,2022_2023,0,Medium,1.1124612731772645
00530000000000001eb3,2022_2023,2023_2024,0,Medium,0.8543953966096531
005300000000000022e0,2018_2019,2019_2020,0,Medium,1.0034091333359065
005300000000000022e0,2019_2020,2020_2021,1,Medium,0.914770840602103
005300000000000022e0,2020_2021,2021_2022,0,Medium,0.9347986487193113
005300000000000022e0,2021_2022,2022_2023,0,Medium,0.9106473771493543
005300000000000022e0,2022_2023,2023_2024,0,Large,1.6420736580322266
005300000000000023e3,2018_2019,2019_2020,1,Large,2.441552543153708
005300000000000023e3,2019_2020,2020_2021,1,Large,3.147065346176904
005300000000000023e3,2020_2021,2021_2022,1,Large,2.4449582509978565
005300000000000023e3,2021_2022,2022_2023,1,Large,1.519689624792303
005300000000000023e3,2022_2023,2023_2024,0,Small,0.4532673439286046
005300000000000023e4,2018_2019,2019_2020,0,Small,0.350084489791102
005300000000000023e4,2019_2020,2020_2021,0,Small,0.48363822199971523
005300000000000023e4,2020_2021,2021_2022,0,Small,0.6160672988562529
005300000000000023e4,2021_2022,2022_2023,0,Small,0.5240394272525073
005300000000000023e4,2022_2023,2023_2024,0,Small,0.33595786156008833
005300000000000023e5,2018_2019,2019_2020,0,Small,0.31206583866897103
005300000000000023e5,2019_2020,2020_2021,0,Small,0.1438321445738259
005300000000000023e5,2020_2021,2021_2022,0,Small,0.28403295949538643
005300000000000023e5,2021_2022,2022_2023,0,Small,0.28881624599434486
005300000000000023e5,2022_2023,2023_2024,0,Small,0.3551637285827911
005300000000000023e6,2018_2019,2019_2020,1,Large,2.18929404060904
005300000000000023e6,2019_2020,2020_2021,0,Medium,0.8783817559187929
005300000000000023e6,2020_2021,2021_2022,1,Large,4.114338210590319
005300000000000023e6,2021_2022,2022_2023,1,Large,3.2382608848965564
005300000000000023e6,2022_2023,2023_2024,1,Large,2.20631686797908
005300000000000023e7,2018_2019,2019_2020,0,Large,1.3022722451826902
005300000000000023e7,2019_2020,2020_2021,0,Small,0.6235286389165041
005300000000000023e7,2020_2021,2021_2022,1,Large,2.6773664067175638
005300000000000023e7,2021_2022,2022_2023,1,Large,3.4712951510184085
005300000000000023e7,2022_2023,2023_2024,1,Large,2.186816156924792
005300000000000023e8,2018_2019,2019_2020,0,Small,0.3057361849424305
005300000000000023e8,2019_2020,2020_2021,1,Small,0.6257637750105995
005300000000000023e8,2020_2021,2021_2022,1,Medium,1.1523358771204901
005300000000000023e8,2021_2022,2022_2023,0,Small,0.18625603436516747
005300000000000023e8,2022_2023,2023_2024,0,Small,0.3556599047661003
005300000000000023e9,2018_2019,2019_2020,0,Large,1.8995187793983412
005300000000000023e9,2019_2020,2020_2021,0,Medium,0.7660252839484173
005300000000000023e9,2020_2021,2021_2022,1,Large,1.5448582915022924
005300000000000023e9,2021_2022,2022_2023,1,Large,2.2519756495739487
005300000000000023e9,2022_2023,2023_2024,0,Medium,1.1408421564725322
005300000000000023ea,2018_2019,2019_2020,0,Large,2.6755711960574464
005300000000000023ea,2019_2020,2020_2021,0,Large,1.639891858404119
005300000000000023ea,2020_2021,2021_2022,1,Large,2.551230443413879
005300000000000023ea,2021_2022,2022_2023,1,Large,3.1788833282466733
005300000000000023ea,2022_2023,2023_2024,0,Large,2.1162409156473903
005300000000000023eb,2018_2019,2019_2020,0,Small,0.3946276664135409
005300000000000023eb,2019_2020,2020_2021,0,Small,0.33095398247991376
005300000000000023eb,2020_2021,2021_2022,0,Medium,0.9006932795555304
005300000000000023eb,2021_2022,2022_2023,0,Small,0.059928529549261866
005300000000000023eb,2022_2023,2023_2024,0,Small,0.40036866454297365
005300000000000023ec,2018_2019,2019_2020,1,Medium,0.9283851252803428
005300000000000023ec,2019_2020,2020_2021,1,Large,1.6584152772297225
005300000000000023ec,2020_2021,2021_2022,1,Large,3.0332913347887396
005300000000000023ec,2021_2022,2022_2023,1,Medium,1.203743527288977
005300000000000023ec,2022_2023,2023_2024,0,Small,0.253445074270909
005300000000000023ed,2018_2019,2019_2020,0,Small,0.2392019458480623
005300000000000023ed,2019_2020,2020_2021,0,Small,0.4313028246305384
005300000000000023ed,2020_2021,2021_2022,0,Medium,0.9309092460939014
005300000000000023ed,2021_2022,2022_2023,0,Small,0.0795237759117179
005300000000000023ed,2022_2023,2023_2024,0,Small,0.2402991218128715
005300000000000023ee,2018_2019,2019_2020,0,Large,2.217079261037567
005300000000000023ee,2019_2020,2020_2021,0,Medium,1.021162482401018
005300000000000023ee,2020_2021,2021_2022,1,Large,1.5552669190049002
005300000000000023ee,2021_2022,2022_2023,0,Medium,0.9756421212187782
005300000000000023ee,2022_2023,2023_2024,1,Large,3.9628537851891874
005300000000000023ef,2018_2019,2019_2020,0,Small,0.14378463840778274
005300000000000023ef,2019_2020,2020_2021,0,Small,0.025043055694504466
005300000000000023ef,2020_2021,2021_2022,0,Small,0.10495315917423673
005300000000000023ef,2021_2022,2022_2023,0,Small,0.2718079382114021
005300000000000023ef,2022_2023,2023_2024,0,Small,0.22219393081814084
005300000000000023f0,2018_2019,2019_2020,0,Small,0.3807573121772954
005300000000000023f0,2019_2020,2020_2021,0,Small,0.7278679984860786
005300000000000023f0,2020_2021,2021_2022,0,Large,1.9238865651836687
005300000000000023f0,2021_2022,2022_2023,0,Large,2.2041641581810048
005300000000000023f0,2022_2023,2023_2024,1,Large,3.0750396659672807
005300000000000023f1,2018_2019,2019_2020,1,Large,1.2665836193786137
005300000000000023f1,2019_2020,2020_2021,1,Small,0.18970825878049832
005300000000000023f1,2020_2021,2021_2022,0,Medium,1.2449342589226056
005300000000000023f1,2021_2022,2022_2023,1,Medium,0.9480754463844604
005300000000000023f1,2022_2023,2023_2024,0,Small,0.3638996475107615
005300000000000023f2,2018_2019,2019_2020,0,Medium,0.7959073157046695
005300000000000023f2,2019_2020,2020_2021,0,Small,0.4742717497408162
005300000000000023f2,2020_2021,2021_2022,0,Medium,0.9436495912258965
005300000000000023f2,2021_2022,2022_2023,0,Small,0.44738589469082435
005300000000000023f2,2022_2023,2023_2024,0,Medium,0.9555711037059548
005300000000000023f3,2018_2019,2019_2020,1,Small,0.5853941672807349
005300000000000023f3,2019_2020,2020_2021,1,Large,3.077813529011681
005300000000000023f3,2020_2021,2021_2022,1,Large,5.873520525376384
005300000000000023f3,2021_2022,2022_2023,1,Large,6.196948971607854
005300000000000023f3,2022_2023,2023_2024,1,Large,3.9368459424901507
005300000000000023f4,2018_2019,2019_2020,1,Large,1.5947781314613187
005300000000000023f4,2019_2020,2020_2021,0,Medium,0.9280983054861387
005300000000000023f4,2020_2021,2021_2022,1,Medium,1.1581598865183103
005300000000000023f4,2021_2022,2022_2023,1,Large,1.2773303157794877
005300000000000023f4,2022_2023,2023_2024,0,Medium,1.124988092240371
005300000000000023f5,2018_2019,2019_2020,0,Small,0.5994643447588401
005300000000000023f5,2019_2020,2020_2021,1,Medium,0.8717340607666152
005300000000000023f5,2020_2021,2021_2022,0,Small,0.33833899369441867
005300000000000023f5,2021_2022,2022_2023,0,Small,0.6268929276538376
005300000000000023f5,2022_2023,2023_2024,0,Small,0.3506403391272411
005300000000000023f6,2018_2019,2019_2020,0,Medium,0.8669527701646699
005300000000000023f6,2019_2020,2020_2021,1,Medium,0.9277580077937155
005300000000000023f6,2020_2021,2021_2022,0,Small,0.47972812368091083
005300000000000023f6,2021_2022,2022_2023,1,Small,0.5315032050168262
005300000000000023f6,2022_2023,2023_2024,1,Small,0.6058370429073736
005300000000000023f7,2018_2019,2019_2020,1,Large,1.5989663185690366
005300000000000023f7,2019_2020,2020_2021,0,Small,0.7470426458150352
005300000000000023f7,2020_2021,2021_2022,0,Small,0.32143543948377984
005300000000000023f7,2021_2022,2022_2023,0,Small,0.5077645946676174
005300000000000023f7,2022_2023,2023_2024,0,Small,0.6817122750420419
005300000000000023f8,2018_2019,2019_2020,0,Small,0.4638509552482625
005300000000000023f8,2019_2020,2020_2021,0,Medium,0.9878776871829292
005300000000000023f8,2020_2021,2021_2022,1,Medium,0.9404174929019178
005300000000000023f8,2021_2022,2022_2023,0,Small,0.10423371941992768
005300000000000023f8,2022_2023,2023_2024,1,Small,0.6455579198439602
005300000000000023f9,2018_2019,2019_2020,0,Small,0.10066078230302587
005300000000000023f9,2019_2020,2020_2021,0,Small,0.36649447518775174
005300000000000023f9,2020_2021,2021_2022,1,Medium,0.8320007466343556
005300000000000023f9,2021_2022,2022_2023,0,Small,0.4450071867322566
005300000000000023f9,2022_2023,2023_2024,1,Large,1.6172290850384454
005300000000000023fa,2018_2019,2019_2020,1,Medium,0.7901056531239696
005300000000000023fa,2019_2020,2020_2021,1,Medium,0.8737781270670755
005300000000000023fa,2020_2021,2021_2022,1,Large,1.968159226681818
005300000000000023fa,2021_2022,2022_2023,1,Medium,0.9752863580829841
005300000000000023fa,2022_2023,2023_2024,1,Medium,0.8356305005851966
005300000000000023fb,2018_2019,2019_2020,1,Large,1.780285082023211
005300000000000023fb,2019_2020,2020_2021,0,Medium,0.9475892396949436
005300000000000023fb,2020_2021,2021_2022,0,Small,0.2684024300893337
005300000000000023fb,2021_2022,2022_2023,0,Small,0.04898638436945142
005300000000000023fb,2022_2023,2023_2024,0,Small,0.6148673848393611
005300000000000023fc,2018_2019,2019_2020,0,Small,0.3146141112945503
005300000000000023fc,2019_2020,2020_2021,0,Small,0.37388465930513914
005300000000000023fc,2020_2021,2021_2022,0,Small,0.5926132096259042
005300000000000023fc,2021_2022,2022_2023,0,Medium,0.8430107661443138
005300000000000023fc,2022_2023,2023_2024,0,Medium,1.1108003828888706
005300000000000023fd,2018_2019,2019_2020,1,Large,1.384631992752823
005300000000000023fd,2019_2020,2020_2021,1,Large,1.491387413732246
005300000000000023fd,2020_2021,2021_2022,0,Small,0.7118578250801011
005300000000000023fd,2021_2022,2022_2023,0,Small,0.5379734120739315
005300000000000023fd,2022_2023,2023_2024,0,Small,0.6341749376636532
005300000000000023fe,2018_2019,2019_2020,1,Medium,0.8456630929316468
005300000000000023fe,2019_2020,2020_2021,0,Small,0.36658799438842965
005300000000000023fe,2020_2021,2021_2022,0,Small,0.2696263940157729
005300000000000023fe,2021_2022,2022_2023,0,Medium,0.8733839532376559
005300000000000023fe,2022_2023,2023_2024,1,Medium,1.120367462684673
005300000000000023ff,2018_2019,2019_2020,0,Medium,0.9572024746874549
005300000000000023ff,2019_2020,2020_2021,0,Small,0.40219426587255075
005300000000000023ff,2020_2021,2021_2022,1,Large,1.6433682443013664
005300000000000023ff,2021_2022,2022_2023,1,Large,1.643970001356378
005300000000000023ff,2022_2023,2023_2024,0,Small,0.6874187553507852
00530000000000002400,2018_2019,2019_2020,0,Small,0.27133775991945586
00530000000000002400,2019_2020,2020_2021,1,Medium,1.0144902298737977
00530000000000002400,2020_2021,2021_2022,0,Small,0.6404826043649257
00530000000000002400,2021_2022,2022_2023,0,Medium,1.190983285826246
00530000000000002400,2022_2023,2023_2024,0,Small,0.668288078236863
00530000000000002401,2018_2019,2019_2020,1,Large,2.1453572933313145
00530000000000002401,2019_2020,2020_2021,1,Large,2.2859081290990253
00530000000000002401,2020_2021,2021_2022,0,Large,3.8764609665332745
00530000000000002401,2021_2022,2022_2023,0,Large,2.6810332271869557
00530000000000002401,2022_2023,2023_2024,0,Large,1.4336976087071853
00530000000000002402,2018_2019,2019_2020,0,Small,0.4627483024139685
00530000000000002402,2019_2020,2020_2021,0,Small,0.24304492950265397
00530000000000002402,2020_2021,2021_2022,1,Small,0.5912170697816124
00530000000000002402,2021_2022,2022_2023,0,Medium,0.7667316101691216
00530000000000002402,2022_2023,2023_2024,1,Medium,0.9342324115333874
00530000000000002403,2018_2019,2019_2020,1,Large,1.6968873501953479
00530000000000002403,2019_2020,2020_2021,0,Medium,0.8910129877084244
00530000000000002403,2020_2021,2021_2022,1,Large,1.75333995636727
00530000000000002403,2021_2022,2022_2023,1,Small,0.6684401194356803
00530000000000002403,2022_2023,2023_2024,1,Large,1.8152701352136364
00530000000000002404,2018_2019,2019_2020,1,Large,1.7655457377954942
00530000000000002404,2019_2020,2020_2021,1,Medium,1.1458820634725362
00530000000000002404,2020_2021,2021_2022,0,Large,2.9195070422706095
00530000000000002404,2021_2022,2022_2023,0,Large,2.521882437519897
00530000000000002404,2022_2023,2023_2024,0,Large,2.228673804893772
00530000000000002405,2018_2019,2019_2020,1,Large,1.3812077736913555
00530000000000002405,2019_2020,2020_2021,0,Small,0.5506508271606511
00530000000000002405,2020_2021,2021_2022,1,Large,1.4421010215971948
00530000000000002405,2021_2022,2022_2023,1,Small,0.7138799498896791
00530000000000002405,2022_2023,2023_2024,1,Large,1.6497987589489829
00530000000000002406,2018_2019,2019_2020,1,Medium,1.2273295784842189
00530000000000002406,2019_2020,2020_2021,0,Small,0.2958355603360581
00530000000000002406,2020_2021,2021_2022,0,Small,0.3171237797017172
00530000000000002406,2021_2022,2022_2023,1,Small,0.728439022735744
00530000000000002406,2022_2023,2023_2024,0,Medium,0.8189842247704322
00530000000000002407,2018_2019,2019_2020,1,Large,2.4357013714593836
00530000000000002407,2019_2020,2020_2021,0,Medium,1.1923019414897276
00530000000000002407,2020_2021,2021_2022,1,Large,3.65087045790433
00530000000000002407,2021_2022,2022_2023,0,Large,3.470863791383223
00530000000000002407,2022_2023,2023_2024,0,Large,2.864949236151672
00530000000000002408,2018_2019,2019_2020,1,Large,2.1923796374608626
00530000000000002408,2019_2020,2020_2021,0,Large,1.2607040390099182
00530000000000002408,2020_2021,2021_2022,1,Large,1.7286342534069798
00530000000000002408,2021_2022,2022_2023,0,Small,0.21346531685805428
00530000000000002408,2022_2023,2023_2024,0,Large,1.252702379662225
00530000000000002409,2018_2019,2019_2020,1,Large,1.6173089377329752
00530000000000002409,2019_2020,2020_2021,1,Large,1.3762424506111846
00530000000000002409,2020_2021,2021_2022,0,Large,3.041151389901073
00530000000000002409,2021_2022,2022_2023,0,Large,3.206268193357908
00530000000000002409,2022_2023,2023_2024,0,Large,3.0555737378446213
0053000000000000240a,2018_2019,2019_2020,0,Large,1.4498348257754419
0053000000000000240a,2019_2020,2020_2021,0,Large,1.3392316264362267
0053000000000000240a,2020_2021,2021_2022,1,Large,4.082332440282381
0053000000000000240a,2021_2022,2022_2023,1,Large,3.2371885225066164
0053000000000000240a,2022_2023,2023_2024,0,Large,1.4550725072331987
0053000000000000240b,2018_2019,2019_2020,0,Medium,0.7682324464450196
0053000000000000240b,2019_2020,2020_2021,0,Small,0.5371397329349857
0053000000000000240b,2020_2021,2021_2022,0,Small,0.3550230009652947
0053000000000000240b,2021_2022,2022_2023,0,Small,0.4273037059152589
0053000000000000240b,2022_2023,2023_2024,0,Small,0.16928304605303496
0053000000000000240c,2018_2019,2019_2020,0,Small,0.4718642426417833
0053000000000000240c,2019_2020,2020_2021,1,Small,0.3375043276377242
0053000000000000240c,2020_2021,2021_2022,0,Small,0.6748060100659383
0053000000000000240c,2021_2022,2022_2023,1,Small,0.582942732041362
0053000000000000240c,2022_2023,2023_2024,0,Small,0.5349800403108724
0053000000000000240d,2018_2019,2019_2020,1,Large,1.3132640127795017
0053000000000000240d,2019_2020,2020_2021,0,Large,1.7039327535825664
0053000000000000240d,2020_2021,2021_2022,1,Large,4.758880802964564
0053000000000000240d,2021_2022,2022_2023,1,Large,4.057220103012389
0053000000000000240d,2022_2023,2023_2024,0,Medium,1.0934412781066607
0053000000000000240e,2018_2019,2019_2020,1,Medium,0.8494486659504505
0053000000000000240e,2019_2020,2020_2021,1,Medium,0.8998516012234034
0053000000000000240e,2020_2021,2021_2022,1,Large,1.386132743079108
0053000000000000240e,2021_2022,2022_2023,1,Small,0.3585482996119765
0053000000000000240e,2022_2023,2023_2024,1,Small,0.30777796254455786
0053000000000000240f,2018_2019,2019_2020,0,Small,0.7154812684575172
0053000000000000240f,2019_2020,2020_2021,0,Small,0.5617892892218689
0053000000000000240f,2020_2021,2021_2022,0,Small,0.1657661012392375
0053000000000000240f,2021_2022,2022_2023,0,Small,0.6046219314323146
0053000000000000240f,2022_2023,2023_2024,0,Small,0.34934195661128403
00530000000000002410,2018_2019,2019_2020,1,Medium,1.214363563379174
00530000000000002410,2019_2020,2020_2021,1,Large,2.208552986466205
00530000000000002410,2020_2021,2021_2022,0,Large,1.411033273724904
00530000000000002410,2021_2022,2022_2023,1,Medium,1.146693904370789
00530000000000002410,2022_2023,2023_2024,1,Medium,1.0960630062775607
00530000000000002411,2018_2019,2019_2020,0,Large,1.2918712055092862
00530000000000002411,2019_2020,2020_2021,0,Small,0.6447909990379769
00530000000000002411,2020_2021,2021_2022,1,Medium,1.1632303480590396
00530000000000002411,2021_2022,2022_2023,1,Small,0.5597098494396935
00530000000000002411,2022_2023,2023_2024,0,Small,0.6883049324729485
00530000000000002412,2018_2019,2019_2020,0,Large,1.4331954693946032
00530000000000002412,2019_2020,2020_2021,0,Small,0.11198459583622093
00530000000000002412,2020_2021,2021_2022,0,Small,0.5733207474403419
00530000000000002412,2021_2022,2022_2023,0,Small,0.13847111981565818
00530000000000002412,2022_2023,2023_2024,0,Large,2.5182985026335203
00530000000000002413,2018_2019,2019_2020,0,Small,0.2038537334630119
00530000000000002413,2019_2020,2020_2021,1,Small,0.048745378524268426
00530000000000002413,2020_2021,2021_2022,0,Medium,0.8897305738065154
00530000000000002413,2021_2022,2022_2023,0,Medium,0.8639718967097394
00530000000000002413,2022_2023,2023_2024,0,Small,0.32027156561072084
00530000000000002415,2018_2019,2019_2020,0,Large,1.3949021836275328
00530000000000002415,2019_2020,2020_2021,0,Medium,0.9040883368601067
00530000000000002415,2020_2021,2021_2022,1,Large,1.687941217784427
00530000000000002415,2021_2022,2022_2023,1,Medium,1.1462322868148205
00530000000000002415,2022_2023,2023_2024,0,Small,0.16535961798387216
0053000000000000241e,2018_2019,2019_2020,0,Medium,1.111332441501399
0053000000000000241e,2019_2020,2020_2021,0,Medium,1.0599419329072217
0053000000000000241e,2020_2021,2021_2022,0,Small,0.5940930672684345
0053000000000000241e,2021_2022,2022_2023,0,Small,0.5251334876048561
0053000000000000241e,2022_2023,2023_2024,0,Small,0.5633277801897475
00530000000000002421,2018_2019,2019_2020,0,Medium,0.8537965332253736
00530000000000002421,2019_2020,2020_2021,0,Medium,0.9162453223498107
00530000000000002421,2020_2021,2021_2022,0,Small,0.5509289834432066
00530000000000002421,2021_2022,2022_2023,1,Medium,1.0044357668762065
00530000000000002421,2022_2023,2023_2024,1,Small,0.4091444053898223
00530000000000002422,2018_2019,2019_2020,0,Small,0.6525746880133786
00530000000000002422,2019_2020,2020_2021,0,Small,0.3086382954422988
00530000000000002422,2020_2021,2021_2022,0,Medium,0.8968236785909341
00530000000000002422,2021_2022,2022_2023,0,Medium,1.140381211328212
00530000000000002422,2022_2023,2023_2024,1,Small,0.6356749886202504
00530000000000002423,2018_2019,2019_2020,1,Medium,1.231106861412373
00530000000000002423,2019_2020,2020_2021,1,Medium,1.043131420013708
00530000000000002423,2020_2021,2021_2022,1,Large,1.2941540806349017
00530000000000002423,2021_2022,2022_2023,1,Large,2.0850927360946168
00530000000000002423,2022_2023,2023_2024,0,Small,0.6421109952660994
00530000000000002425,2018_2019,2019_2020,1,Small,0.14672388908518572
00530000000000002425,2019_2020,2020_2021,1,Small,0.38787702888489306
00530000000000002425,2020_2021,2021_2022,1,Large,1.3702627018485778
00530000000000002425,2021_2022,2022_2023,0,Small,0.2759616283560517
00530000000000002425,2022_2023,2023_2024,1,Medium,0.9780031896828301
00530000000000002426,2018_2019,2019_2020,0,Small,0.6087919146604579
00530000000000002426,2019_2020,2020_2021,0,Small,0.40705142849805587
00530000000000002426,2020_2021,2021_2022,0,Small,0.5068161705775222
00530000000000002426,2021_2022,2022_2023,0,Small,0.2685470142929544
00530000000000002426,2022_2023,2023_2024,0,Small,0.7220534340854092
00530000000000002427,2018_2019,2019_2020,0,Small,0.6953370381813037
00530000000000002427,2019_2020,2020_2021,0,Small,0.6272098444723354
00530000000000002427,2020_2021,2021_2022,0,Small,0.37942451305705277
00530000000000002427,2021_2022,2022_2023,0,Small,0.532839614441884
00530000000000002427,2022_2023,2023_2024,0,Medium,1.1997533433648215
00530000000000002428,2018_2019,2019_2020,0,Small,0.5968708383641611
00530000000000002428,2019_2020,2020_2021,1,Medium,1.0821873086421758
00530000000000002428,2020_2021,2021_2022,1,Large,1.9287965684232908
00530000000000002428,2021_2022,2022_2023,1,Medium,1.173816263732917
00530000000000002428,2022_2023,2023_2024,1,Medium,0.891011563876753
00530000000000002429,2018_2019,2019_2020,0,Small,0.3995217915713438
00530000000000002429,2019_2020,2020_2021,0,Small,0.17993274353233638
00530000000000002429,2020_2021,2021_2022,0,Small,0.5307651788291012
00530000000000002429,2021_2022,2022_2023,0,Small,0.39040807250467013
00530000000000002429,2022_2023,2023_2024,1,Medium,0.9712648157046475
0053000000000000242a,2018_2019,2019_2020,0,Large,1.42956469636326
0053000000000000242a,2019_2020,2020_2021,0,Small,0.5312950434838891
0053000000000000242a,2020_2021,2021_2022,1,Large,2.5462125942999188
0053000000000000242a,2021_2022,2022_2023,1,Large,2.91602802439113
0053000000000000242a,2022_2023,2023_2024,1,Large,2.4952568163809583
0053000000000000242c,2018_2019,2019_2020,0,Medium,1.2495116700909323
0053000000000000242c,2019_2020,2020_2021,1,Large,1.3879613972421188
0053000000000000242c,2020_2021,2021_2022,1,Large,1.4186376723706902
0053000000000000242c,2021_2022,2022_2023,1,Large,1.477784484448501
0053000000000000242c,2022_2023,2023_2024,0,Small,0.6201530582779831
0053000000000000242d,2018_2019,2019_2020,0,Small,0.6725256768871402
0053000000000000242d,2019_2020,2020_2021,1,Medium,0.9084460947616788
0053000000000000242d,2020_2021,2021_2022,0,Medium,0.8334220195729316
0053000000000000242d,2021_2022,2022_2023,1,Medium,0.9704110719100512
0053000000000000242d,2022_2023,2023_2024,0,Small,0.22727988406184965
0053000000000000242e,2018_2019,2019_2020,0,Large,1.526839307329718
0053000000000000242e,2019_2020,2020_2021,0,Small,0.7136069783550727
0053000000000000242e,2020_2021,2021_2022,0,Small,0.7065419763215878
0053000000000000242e,2021_2022,2022_2023,0,Small,0.1259672557247461
0053000000000000242e,2022_2023,2023_2024,0,Small,0.44546217554922074
00530000000000002430,2018_2019,2019_2020,0,Small,0.3684542951510349
00530000000000002430,2019_2020,2020_2021,0,Small,0.14037745152630068
00530000000000002430,2020_2021,2021_2022,0,Small,0.4229691577751186
00530000000000002430,2021_2022,2022_2023,0,Small,0.5773031670765213
00530000000000002430,2022_2023,2023_2024,1,Large,2.21980213434396
00530000000000002431,2018_2019,2019_2020,0,Small,0.5853899246619224
00530000000000002431,2019_2020,2020_2021,0,Small,0.3405396599005481
00530000000000002431,2020_2021,2021_2022,0,Small,0.16411168712800792
00530000000000002431,2021_2022,2022_2023,0,Small,0.3626268632565465
00530000000000002431,2022_2023,2023_2024,0,Small,0.27694529374975513
00530000000000002433,2018_2019,2019_2020,0,Small,0.6169491712054573
00530000000000002433,2019_2020,2020_2021,0,Small,0.5063408064736062
00530000000000002433,2020_2021,2021_2022,1,Large,1.5436966045773992
00530000000000002433,2021_2022,2022_2023,1,Large,1.3827323794836408
00530000000000002433,2022_2023,2023_2024,1,Medium,0.7765846376991017
00530000000000002434,2018_2019,2019_2020,0,Small,0.6211606890768606
00530000000000002434,2019_2020,2020_2021,0,Small,0.37989971813885615
00530000000000002434,2020_2021,2021_2022,0,Small,0.21075469327762902
00530000000000002434,2021_2022,2022_2023,0,Small,0.42567035650497936
00530000000000002434,2022_2023,2023_2024,1,Small,0.515428554034217
00530000000000002436,2018_2019,2019_2020,1,Large,2.2278759419213934
00530000000000002436,2019_2020,2020_2021,0,Small,0.6236243959423298
00530000000000002436,2020_2021,2021_2022,1,Large,1.5256680135123966
00530000000000002436,2021_2022,2022_2023,0,Small,0.43123627004635917
00530000000000002436,2022_2023,2023_2024,1,Medium,0.882962289418823
00530000000000002437,2018_2019,2019_2020,0,Large,1.848177688734096
00530000000000002437,2019_2020,2020_2021,1,Large,1.5024953777781171
00530000000000002437,2020_2021,2021_2022,1,Large,3.134643022096988
00530000000000002437,2021_2022,2022_2023,0,Large,1.4777610495299343
00530000000000002437,2022_2023,2023_2024,1,Large,2.9547898772174355
00530000000000002438,2018_2019,2019_2020,0,Large,2.278692442490175
00530000000000002438,2019_2020,2020_2021,1,Large,1.5014516214190197
00530000000000002438,2020_2021,2021_2022,1,Large,3.4812646388438933
00530000000000002438,2021_2022,2022_2023,0,Large,1.8322923823341455
00530000000000002438,2022_2023,2023_2024,1,Large,3.177124235240292
00530000000000002439,2018_2019,2019_2020,1,Medium,0.8249040586822455
00530000000000002439,2019_2020,2020_2021,1,Large,1.8068428437465764
00530000000000002439,2020_2021,2021_2022,0,Small,0.4034113800755779
00530000000000002439,2021_2022,2022_2023,0,Small,0.6236950127567277
00530000000000002439,2022_2023,2023_2024,0,Small,0.43534452277403807
0053000000000000243a,2018_2019,2019_2020,1,Small,0.5712048164976826
0053000000000000243a,2019_2020,2020_2021,0,Small,0.1439739352210568
0053000000000000243a,2020_2021,2021_2022,1,Medium,0.9831161796350264
0053000000000000243a,2021_2022,2022_2023,0,Small,0.611332996221055
0053000000000000243a,2022_2023,2023_2024,0,Small,0.22234700688053985
0053000000000000243b,2018_2019,2019_2020,0,Medium,0.7811706979751011
0053000000000000243b,2019_2020,2020_2021,0,Small,0.5127175257956027
0053000000000000243b,2020_2021,2021_2022,0,Small,0.4434989521705787
0053000000000000243b,2021_2022,2022_2023,0,Small,0.6697880893799715
0053000000000000243b,2022_2023,2023_2024,0,Medium,0.806939425707178
0053000000000000243c,2018_2019,2019_2020,0,Small,0.3019661276508828
0053000000000000243c,2019_2020,2020_2021,0,Medium,0.8601345755744747
0053000000000000243c,2020_2021,2021_2022,0,Medium,1.121664036299478
0053000000000000243c,2021_2022,2022_2023,1,Large,2.341330172140342
0053000000000000243c,2022_2023,2023_2024,1,Large,1.715335494843452
00530000000000002487,2018_2019,2019_2020,0,Small,0.13571536691861985
00530000000000002487,2019_2020,2020_2021,0,Small,0.5277457819267204
00530000000000002487,2020_2021,2021_2022,0,Small,0.7477190686476598
00530000000000002487,2021_2022,2022_2023,0,Small,0.20298419814934573
00530000000000002487,2022_2023,2023_2024,0,Small,0.24216676581592989
00530000000000002488,2018_2019,2019_2020,0,Small,0.11255786502180413
00530000000000002488,2019_2020,2020_2021,0,Small,0.38230473383934926
00530000000000002488,2020_2021,2021_2022,0,Small,0.7272648703871731
00530000000000002488,2021_2022,2022_2023,0,Small,0.6140554168391714
00530000000000002488,2022_2023,2023_2024,0,Small,0.20115807701248534
00530000000000002489,2018_2019,2019_2020,0,Small,0.041396379016752784
00530000000000002489,2019_2020,2020_2021,0,Small,0.44418918766786814
00530000000000002489,2020_2021,2021_2022,0,Small,0.6473487544415784
00530000000000002489,2021_2022,2022_2023,0,Small,0.36768756960579074
00530000000000002489,2022_2023,2023_2024,0,Small,0.27333773117650906
0053000000000000248a,2018_2019,2019_2020,0,Small,0.2958720485750671
0053000000000000248a,2019_2020,2020_2021,0,Small,0.4944541123108936
0053000000000000248a,2020_2021,2021_2022,0,Small,0.6378273564424702
0053000000000000248a,2021_2022,2022_2023,0,Small,0.7005310819630386
0053000000000000248a,2022_2023,2023_2024,0,Small,0.2590719875211152
0053000000000000248b,2018_2019,2019_2020,0,Small,0.24934193062265705
0053000000000000248b,2019_2020,2020_2021,0,Small,0.5794307608514523
0053000000000000248b,2020_2021,2021_2022,0,Small,0.516651384468647
0053000000000000248b,2021_2022,2022_2023,0,Small,0.4889832000713757
0053000000000000248b,2022_2023,2023_2024,0,Small,0.48313563832043455
0053000000000000248c,2018_2019,2019_2020,0,Small,0.34746380936327115
0053000000000000248c,2019_2020,2020_2021,0,Small,0.23058840454186164
0053000000000000248c,2020_2021,2021_2022,0,Small,0.20441847099670804
0053000000000000248c,2021_2022,2022_2023,0,Small,0.44835404150326363
0053000000000000248c,2022_2023,2023_2024,0,Small,0.06701797473005928
0053000000000000248d,2018_2019,2019_2020,0,Small,0.2688471029614438
0053000000000000248d,2019_2020,2020_2021,0,Small,0.10575853142775826
0053000000000000248d,2020_2021,2021_2022,0,Small,0.41843741328800516
0053000000000000248d,2021_2022,2022_2023,0,Small,0.1954339303591206
0053000000000000248d,2022_2023,2023_2024,0,Small,0.1333803858823354
0053000000000000248e,2018_2019,2019_2020,0,Small,0.16259987354693162
0053000000000000248e,2019_2020,2020_2021,0,Small,0.0852652894801265
0053000000000000248e,2020_2021,2021_2022,0,Small,0.23354143288095158
0053000000000000248e,2021_2022,2022_2023,0,Small,0.10773481974651254
0053000000000000248e,2022_2023,2023_2024,0,Small,0.15383467628142966
0053000000000000248f,2018_2019,2019_2020,0,Small,0.34238361588395083
0053000000000000248f,2019_2020,2020_2021,0,Small,0.32324625572197613
0053000000000000248f,2020_2021,2021_2022,0,Medium,0.8004791043455235
0053000000000000248f,2021_2022,2022_2023,0,Small,0.3485732335645796
0053000000000000248f,2022_2023,2023_2024,0,Small,0.22661614007700803
00530000000000002490,2018_2019,2019_2020,0,Small,0.20270516982439804
00530000000000002490,2019_2020,2020_2021,0,Small,0.2807689671862914
00530000000000002490,2020_2021,2021_2022,0,Small,0.48877035234254973
00530000000000002490,2021_2022,2022_2023,0,Small,0.12617765014463372
00530000000000002490,2022_2023,2023_2024,0,Small,0.31334114787313744
00530000000000002491,2018_2019,2019_2020,0,Small,0.2848387016410282
00530000000000002491,2019_2020,2020_2021,0,Small,0.40075783232285583
00530000000000002491,2020_2021,2021_2022,0,Small,0.2485286401462021
00530000000000002491,2021_2022,2022_2023,0,Small,0.12092199757492668
00530000000000002491,2022_2023,2023_2024,0,Small,0.11551628971097443
00530000000000002492,2018_2019,2019_2020,0,Small,0.28045174968835623
00530000000000002492,2019_2020,2020_2021,0,Small,0.3462353290320937
00530000000000002492,2020_2021,2021_2022,0,Small,0.6618475301994374
00530000000000002492,2021_2022,2022_2023,0,Small,0.3921510912700425
00530000000000002492,2022_2023,2023_2024,0,Small,0.0696476347520755
00530000000000002493,2018_2019,2019_2020,0,Small,0.619759819168508
00530000000000002493,2019_2020,2020_2021,0,Small,0.6172687125449612
00530000000000002493,2020_2021,2021_2022,0,Small,0.6293241803152102
00530000000000002493,2021_2022,2022_2023,0,Small,0.39300034802360534
00530000000000002493,2022_2023,2023_2024,0,Small,0.2141025459987323
00530000000000002494,2018_2019,2019_2020,0,Small,0.14785142986574187
00530000000000002494,2019_2020,2020_2021,0,Small,0.5212964761687888
00530000000000002494,2020_2021,2021_2022,0,Small,0.6811611837724382
00530000000000002494,2021_2022,2022_2023,0,Small,0.15602366629369335
00530000000000002494,2022_2023,2023_2024,0,Small,0.4666697700052072
00530000000000002495,2018_2019,2019_2020,0,Small,0.38590541521813215
00530000000000002495,2019_2020,2020_2021,1,Medium,0.9341089779436915
00530000000000002495,2020_2021,2021_2022,1,Large,1.559420913616553
00530000000000002495,2021_2022,2022_2023,1,Medium,1.0708466952656022
00530000000000002495,2022_2023,2023_2024,0,Small,0.6331707880714487
00530000000000002496,2018_2019,2019_2020,0,Small,0.20364593026973948
00530000000000002496,2019_2020,2020_2021,1,Large,1.3337705358889895
00530000000000002496,2020_2021,2021_2022,1,Large,1.773059332691046
00530000000000002496,2021_2022,2022_2023,0,Small,0.7090145598626981
00530000000000002496,2022_2023,2023_2024,0,Small,0.5876706564325805
00530000000000002497,2018_2019,2019_2020,0,Small,0.0778831812909953
00530000000000002497,2019_2020,2020_2021,1,Medium,0.7519697884071713
00530000000000002497,2020_2021,2021_2022,1,Large,1.2948220423013297
00530000000000002497,2021_2022,2022_2023,0,Medium,0.8314864194465248
00530000000000002497,2022_2023,2023_2024,0,Small,0.6405083487964011
00530000000000002498,2018_2019,2019_2020,0,Large,1.2919249893695381
00530000000000002498,2019_2020,2020_2021,0,Small,0.4085565883387772
00530000000000002498,2020_2021,2021_2022,1,Large,2.0038938374563013
00530000000000002498,2021_2022,2022_2023,1,Large,1.324760942102638
00530000000000002498,2022_2023,2023_2024,1,Large,1.334833137166636
00530000000000002499,2018_2019,2019_2020,1,Medium,1.1988988508646907
00530000000000002499,2019_2020,2020_2021,0,Small,0.6384507849699086
00530000000000002499,2020_2021,2021_2022,1,Medium,0.7743140181839961
00530000000000002499,2021_2022,2022_2023,1,Small,0.5610114033630306
00530000000000002499,2022_2023,2023_2024,1,Medium,0.946360569983031
0053000000000000249a,2018_2019,2019_2020,1,Large,1.9875705887591788
0053000000000000249a,2019_2020,2020_2021,0,Small,0.7257277707732318
0053000000000000249a,2020_2021,2021_2022,1,Large,1.316820871609745
0053000000000000249a,2021_2022,2022_2023,1,Large,1.3102315416464256
0053000000000000249a,2022_2023,2023_2024,1,Medium,1.1063292560262898
0053000000000000249b,2018_2019,2019_2020,0,Medium,0.8079930863272073
0053000000000000249b,2019_2020,2020_2021,0,Small,0.4395798985497144
0053000000000000249b,2020_2021,2021_2022,0,Small,0.6361634578855535
0053000000000000249b,2021_2022,2022_2023,1,Medium,0.9197550142458939
0053000000000000249b,2022_2023,2023_2024,0,Small,0.348315901850183
0053000000000000249c,2018_2019,2019_2020,0,Medium,0.8931583812885703
0053000000000000249c,2019_2020,2020_2021,0,Medium,0.8248702799930803
0053000000000000249c,2020_2021,2021_2022,1,Large,3.2024037526774376
0053000000000000249c,2021_2022,2022_2023,1,Medium,1.242453523614816
0053000000000000249c,2022_2023,2023_2024,0,Small,0.5734644992552524
0053000000000000249d,2018_2019,2019_2020,0,Small,0.26987407541315506
0053000000000000249d,2019_2020,2020_2021,0,Medium,0.8477109851650598
0053000000000000249d,2020_2021,2021_2022,1,Large,1.3862317912996633
0053000000000000249d,2021_2022,2022_2023,1,Medium,1.1182935551655324
0053000000000000249d,2022_2023,2023_2024,1,Small,0.7219706645874164
0053000000000000249e,2018_2019,2019_2020,0,Small,0.6163163485112984
0053000000000000249e,2019_2020,2020_2021,0,Medium,1.0220050032686392
0053000000000000249e,2020_2021,2021_2022,1,Large,2.307485650153877
0053000000000000249e,2021_2022,2022_2023,0,Large,1.7950626234297624
0053000000000000249e,2022_2023,2023_2024,1,Large,3.957173744529793
0053000000000000249f,2018_2019,2019_2020,0,Small,0.45654214113421815
0053000000000000249f,2019_2020,2020_2021,0,Small,0.5403583296314528
0053000000000000249f,2020_2021,2021_2022,1,Large,1.447497328625479
0053000000000000249f,2021_2022,2022_2023,0,Medium,0.8182513662220737
0053000000000000249f,2022_2023,2023_2024,0,Small,0.2989340909562873
005300000000000024a0,2018_2019,2019_2020,1,Small,0.5613427060508234
005300000000000024a0,2019_2020,2020_2021,1,Medium,1.2428984318851932
005300000000000024a0,2020_2021,2021_2022,0,Small,0.5486840799919905
005300000000000024a0,2021_2022,2022_2023,0,Large,1.3583109158808222
005300000000000024a0,2022_2023,2023_2024,0,Large,1.7925993855802131
005300000000000024a1,2018_2019,2019_2020,0,Small,0.35980223380596094
005300000000000024a1,2019_2020,2020_2021,0,Small,0.6991972633697403
005300000000000024a1,2020_2021,2021_2022,0,Small,0.28199197492448946
005300000000000024a1,2021_2022,2022_2023,0,Small,0.7236194801016812
005300000000000024a1,2022_2023,2023_2024,0,Medium,1.1826552020198224
005300000000000024a2,2018_2019,2019_2020,1,Medium,0.9398637004485403
005300000000000024a2,2019_2020,2020_2021,0,Large,1.3341020887563253
005300000000000024a2,2020_2021,2021_2022,1,Large,2.8109953780350216
005300000000000024a2,2021_2022,2022_2023,0,Medium,0.8233607038395596
005300000000000024a2,2022_2023,2023_2024,0,Small,0.17503450820237973
005300000000000024a3,2018_2019,2019_2020,0,Small,0.5823298987015851
005300000000000024a3,2019_2020,2020_2021,0,Medium,0.9710716181791041
005300000000000024a3,2020_2021,2021_2022,1,Large,2.263815979207819
005300000000000024a3,2021_2022,2022_2023,0,Large,1.636096897501318
005300000000000024a3,2022_2023,2023_2024,1,Large,3.9221433569981126
005300000000000024a4,2018_2019,2019_2020,0,Small,0.6063048651946784
005300000000000024a4,2019_2020,2020_2021,0,Small,0.06503534380230248
005300000000000024a4,2020_2021,2021_2022,1,Small,0.46023000512020906
005300000000000024a4,2021_2022,2022_2023,0,Small,0.5095405517568431
005300000000000024a4,2022_2023,2023_2024,1,Large,1.420510302148836
005300000000000024a5,2018_2019,2019_2020,0,Small,0.3526216365948289
005300000000000024a5,2019_2020,2020_2021,0,Small,0.16339771256217667
005300000000000024a5,2020_2021,2021_2022,0,Small,0.43493831663035903
005300000000000024a5,2021_2022,2022_2023,0,Small,0.5360693091606712
005300000000000024a5,2022_2023,2023_2024,0,Small,0.31279588148734755
005300000000000024a6,2018_2019,2019_2020,0,Small,0.325077792219255
005300000000000024a6,2019_2020,2020_2021,1,Medium,1.2139161542240056
005300000000000024a6,2020_2021,2021_2022,1,Large,2.4763498363368757
005300000000000024a6,2021_2022,2022_2023,1,Medium,1.1303095182407121
005300000000000024a6,2022_2023,2023_2024,0,Small,0.44689574979190955
005300000000000024a7,2018_2019,2019_2020,0,Small,0.16985040483206004
005300000000000024a7,2019_2020,2020_2021,1,Medium,0.879739584696384
005300000000000024a7,2020_2021,2021_2022,1,Medium,1.009258150378311
005300000000000024a7,2021_2022,2022_2023,1,Medium,0.7590628374566358
005300000000000024a7,2022_2023,2023_2024,1,Small,0.5842605822885513
005300000000000024a8,2018_2019,2019_2020,0,Medium,0.8924062053097462
005300000000000024a8,2019_2020,2020_2021,0,Large,1.5554274810337863
005300000000000024a8,2020_2021,2021_2022,1,Large,1.5372801306911847
005300000000000024a8,2021_2022,2022_2023,1,Large,1.7061560657457582
005300000000000024a8,2022_2023,2023_2024,1,Large,1.7357131605197857
0053000000000000256d,2018_2019,2019_2020,1,Medium,1.2366203148471626
0053000000000000256d,2019_2020,2020_2021,0,Medium,0.8465592195908371
0053000000000000256d,2020_2021,2021_2022,0,Medium,1.0841463198055195
0053000000000000256d,2021_2022,2022_2023,0,Medium,1.1966394014717636
0053000000000000256d,2022_2023,2023_2024,1,Large,1.5180093626560827
0053000000000000256e,2018_2019,2019_2020,0,Medium,0.7908310278651379
0053000000000000256e,2019_2020,2020_2021,0,Medium,1.0908304410092293
0053000000000000256e,2020_2021,2021_2022,1,Small,0.20578485472782837
0053000000000000256e,2021_2022,2022_2023,1,Small,0.324114038544503
0053000000000000256e,2022_2023,2023_2024,1,Large,2.515453442079093
0053000000000000256f,2018_2019,2019_2020,0,Small,0.10076186931547633
0053000000000000256f,2019_2020,2020_2021,1,Medium,0.8157910267604622
0053000000000000256f,2020_2021,2021_2022,0,Small,0.6629193350317458
0053000000000000256f,2021_2022,2022_2023,0,Medium,0.8226863224355682
0053000000000000256f,2022_2023,2023_2024,1,Large,1.5461089430894048
00530000000000002570,2018_2019,2019_2020,0,Large,1.7408804661628876
00530000000000002570,2019_2020,2020_2021,0,Large,1.4712999933238613
00530000000000002570,2020_2021,2021_2022,1,Large,1.9722717993346683
00530000000000002570,2021_2022,2022_2023,1,Large,2.060695105246816
00530000000000002570,2022_2023,2023_2024,0,Small,0.24974727211934766
00530000000000002571,2018_2019,2019_2020,0,Small,0.2737722346780972
00530000000000002571,2019_2020,2020_2021,0,Small,0.6254479505987603
00530000000000002571,2020_2021,2021_2022,0,Large,1.6715679183258831
00530000000000002571,2021_2022,2022_2023,0,Large,1.5169422809090103
00530000000000002571,2022_2023,2023_2024,0,Small,0.5684192801691224
00530000000000002572,2018_2019,2019_2020,0,Medium,0.771737457116422
00530000000000002572,2019_2020,2020_2021,0,Small,0.22759057567695626
00530000000000002572,2020_2021,2021_2022,0,Medium,0.7556669643345942
00530000000000002572,2021_2022,2022_2023,1,Medium,0.9562509452093452
00530000000000002572,2022_2023,2023_2024,1,Small,0.3591692008357461
00530000000000002573,2018_2019,2019_2020,1,Small,0.2259799979809146
00530000000000002573,2019_2020,2020_2021,0,Small,0.6581870947669026
00530000000000002573,2020_2021,2021_2022,0,Medium,1.0159926013494431
00530000000000002573,2021_2022,2022_2023,1,Large,1.5150831026105032
00530000000000002573,2022_2023,2023_2024,1,Small,0.4327787104919623
00530000000000002574,2018_2019,2019_2020,1,Large,2.058125520437292
00530000000000002574,2019_2020,2020_2021,0,Small,0.7173561893939953
00530000000000002574,2020_2021,2021_2022,1,Medium,0.7778472062073551
00530000000000002574,2021_2022,2022_2023,1,Small,0.6621133822047539
00530000000000002574,2022_2023,2023_2024,0,Large,1.913362686553148
00530000000000002575,2018_2019,2019_2020,0,Medium,0.9067538275239208
00530000000000002575,2019_2020,2020_2021,0,Medium,1.0093135865821354
00530000000000002575,2020_2021,2021_2022,0,Small,0.5409376524334705
00530000000000002575,2021_2022,2022_2023,0,Small,0.056315877710678516
00530000000000002575,2022_2023,2023_2024,1,Large,2.3969012334166537
00530000000000002576,2018_2019,2019_2020,0,Small,0.3212070215290826
00530000000000002576,2019_2020,2020_2021,0,Small,0.25983583046287734
00530000000000002576,2020_2021,2021_2022,0,Small,0.7266976853863801
00530000000000002576,2021_2022,2022_2023,0,Large,1.3488324312652564
00530000000000002576,2022_2023,2023_2024,0,Large,1.2934405606015777
00530000000000002577,2018_2019,2019_2020,0,Small,0.49391576716832686
00530000000000002577,2019_2020,2020_2021,0,Small,0.4157807682660965
00530000000000002577,2020_2021,2021_2022,0,Small,0.636170275783839
00530000000000002577,2021_2022,2022_2023,0,Large,1.9453747791075031
00530000000000002577,2022_2023,2023_2024,0,Large,1.7747520428981338
00530000000000002578,2018_2019,2019_2020,0,Medium,0.8397256369380175
00530000000000002578,2019_2020,2020_2021,0,Small,0.6609513872585837
00530000000000002578,2020_2021,2021_2022,0,Small,0.6252463324183876
00530000000000002578,2021_2022,2022_2023,0,Small,0.00476110643401405
00530000000000002578,2022_2023,2023_2024,1,Large,1.4482309351058105
00530000000000002579,2018_2019,2019_2020,0,Small,0.24487686604950412
00530000000000002579,2019_2020,2020_2021,0,Small,0.09034152597058298
00530000000000002579,2020_2021,2021_2022,0,Small,0.36325816589782794
00530000000000002579,2021_2022,2022_2023,0,Large,1.5242937517535897
00530000000000002579,2022_2023,2023_2024,0,Large,1.9561648077104337
00530000000000002bb8,2018_2019,2019_2020,0,Small,0.2715102263505348
00530000000000002bb8,2019_2020,2020_2021,0,Small,0.43149126714051206
00530000000000002bb8,2020_2021,2021_2022,0,Small,0.26942419487040487
00530000000000002bb8,2021_2022,2022_2023,0,Small,0.25961177765600113
00530000000000002bb8,2022_2023,2023_2024,0,Small,0.5898996392165277
00530000000000002f1f,2018_2019,2019_2020,0,Small,0.21232133440479298
00530000000000002f1f,2019_2020,2020_2021,0,Medium,0.8112936680224859
00530000000000002f1f,2020_2021,2021_2022,0,Large,1.861398863414122
00530000000000002f1f,2021_2022,2022_2023,0,Large,2.0691854074549054
00530000000000002f1f,2022_2023,2023_2024,1,Large,3.2072821242263245
005300000000000030fb,2018_2019,2019_2020,1,Large,2.1940034422054264
005300000000000030fb,2019_2020,2020_2021,0,Small,0.6126679413616098
005300000000000030fb,2020_2021,2021_2022,1,Large,3.6309657749031756
005300000000000030fb,2021_2022,2022_2023,1,Large,2.8162785747151884
005300000000000030fb,2022_2023,2023_2024,1,Large,1.5319812417456324
00530000000000003782,2018_2019,2019_2020,0,Medium,0.9078542839971928
00530000000000003782,2019_2020,2020_2021,0,Medium,0.8216272508522595
00530000000000003782,2020_2021,2021_2022,0,Small,0.7389816817075336
00530000000000003782,2021_2022,2022_2023,0,Small,0.539367186829859
00530000000000003782,2022_2023,2023_2024,0,Large,1.2821235366927688
00530000000000003783,2018_2019,2019_2020,1,Medium,0.7623217742048806
00530000000000003783,2019_2020,2020_2021,1,Small,0.4014795460106617
00530000000000003783,2020_2021,2021_2022,1,Small,0.38395999208658466
00530000000000003783,2021_2022,2022_2023,1,Medium,0.8754484087657839
00530000000000003783,2022_2023,2023_2024,0,Small,0.38580854300469875
00530000000000003784,2018_2019,2019_2020,1,Medium,0.8045463301462699
00530000000000003784,2019_2020,2020_2021,0,Small,0.22594643041949167
00530000000000003784,2020_2021,2021_2022,1,Large,1.2870653324786177
00530000000000003784,2021_2022,2022_2023,1,Large,1.342417948924682
00530000000000003784,2022_2023,2023_2024,0,Small,0.6223548045734547
00530000000000003785,2018_2019,2019_2020,0,Small,0.12373185910857079
00530000000000003785,2019_2020,2020_2021,0,Small,0.241751325072442
00530000000000003785,2020_2021,2021_2022,0,Small,0.28746629555366715
00530000000000003785,2021_2022,2022_2023,0,Small,0.148117491544414
00530000000000003785,2022_2023,2023_2024,0,Small,0.28170667104439095
00530000000000003787,2018_2019,2019_2020,0,Medium,0.7951959770428771
00530000000000003787,2019_2020,2020_2021,1,Large,1.32182280954253
00530000000000003787,2020_2021,2021_2022,1,Large,1.422090448628021
00530000000000003787,2021_2022,2022_2023,1,Large,1.3110380917020135
00530000000000003787,2022_2023,2023_2024,1,Large,1.5586200843991669
00530000000000003788,2018_2019,2019_2020,0,Large,1.731969281176073
00530000000000003788,2019_2020,2020_2021,1,Medium,1.1861302179016606
00530000000000003788,2020_2021,2021_2022,1,Large,1.5404795164591032
00530000000000003788,2021_2022,2022_2023,1,Large,1.5747627454014552
00530000000000003788,2022_2023,2023_2024,1,Large,1.5499485851145436
00530000000000003789,2018_2019,2019_2020,0,Large,2.316893931252613
00530000000000003789,2019_2020,2020_2021,1,Small,0.2825242947648164
00530000000000003789,2020_2021,2021_2022,1,Small,0.4613778884284369
00530000000000003789,2021_2022,2022_2023,1,Medium,1.1340920498775744
00530000000000003789,2022_2023,2023_2024,1,Large,1.297544376739421
0053000000000000378a,2018_2019,2019_2020,0,Small,0.6118215655426363
0053000000000000378a,2019_2020,2020_2021,0,Medium,0.8635781810672337
0053000000000000378a,2020_2021,2021_2022,0,Small,0.6090354052708788
0053000000000000378a,2021_2022,2022_2023,0,Small,0.4860458152374619
0053000000000000378a,2022_2023,2023_2024,1,Medium,0.9216824795808121
0053000000000000378b,2018_2019,2019_2020,0,Large,1.6435909996884317
0053000000000000378b,2019_2020,2020_2021,0,Large,2.1148956609713507
0053000000000000378b,2020_2021,2021_2022,1,Large,3.5887661372972404
0053000000000000378b,2021_2022,2022_2023,1,Large,2.9937736264898964
0053000000000000378b,2022_2023,2023_2024,0,Large,1.7092842111825053
0053000000000000378c,2018_2019,2019_2020,0,Medium,0.7729305435052284
0053000000000000378c,2019_2020,2020_2021,0,Medium,0.8094866802359212
0053000000000000378c,2020_2021,2021_2022,1,Large,2.7157736484035215
0053000000000000378c,2021_2022,2022_2023,1,Large,2.1289150646704846
0053000000000000378c,2022_2023,2023_2024,1,Large,1.362745994993775
0053000000000000378d,2018_2019,2019_2020,0,Small,0.6939363205096415
0053000000000000378d,2019_2020,2020_2021,0,Small,0.25421616128691044
0053000000000000378d,2020_2021,2021_2022,1,Large,1.5080582260305324
0053000000000000378d,2021_2022,2022_2023,1,Large,1.6665912251016666
0053000000000000378d,2022_2023,2023_2024,1,Large,1.7551698334433192
0053000000000000378e,2018_2019,2019_2020,1,Large,2.382016325218615
0053000000000000378e,2019_2020,2020_2021,1,Large,2.29045234971475
0053000000000000378e,2020_2021,2021_2022,0,Medium,1.1815465927845434
0053000000000000378e,2021_2022,2022_2023,0,Medium,0.7671364440483381
0053000000000000378e,2022_2023,2023_2024,0,Small,0.3583668978835815
0053000000000000378f,2018_2019,2019_2020,1,Large,1.4190630590748068
0053000000000000378f,2019_2020,2020_2021,1,Large,1.3860143512061103
0053000000000000378f,2020_2021,2021_2022,0,Medium,0.9529912013600548
0053000000000000378f,2021_2022,2022_2023,0,Medium,0.9189582670422186
0053000000000000378f,2022_2023,2023_2024,0,Small,0.38860982864709065
00530000000000003791,2018_2019,2019_2020,0,Small,0.32949112974146977
00530000000000003791,2019_2020,2020_2021,0,Small,0.17600760605620291
00530000000000003791,2020_2021,2021_2022,0,Small,0.358418518272496
00530000000000003791,2021_2022,2022_2023,0,Small,0.5407743135293267
00530000000000003791,2022_2023,2023_2024,0,Small,0.6440866861944232
00530000000000003792,2018_2019,2019_2020,0,Small,0.02969020870620748
00530000000000003792,2019_2020,2020_2021,0,Small,0.3601942232785185
00530000000000003792,2020_2021,2021_2022,0,Small,0.47942110138324595
00530000000000003792,2021_2022,2022_2023,0,Small,0.540773661453479
00530000000000003792,2022_2023,2023_2024,0,Medium,1.0551489662097313
00530000000000003793,2018_2019,2019_2020,0,Small,0.7287610184519681
00530000000000003793,2019_2020,2020_2021,0,Medium,0.9648758506930221
00530000000000003793,2020_2021,2021_2022,0,Small,0.41173373111983774
00530000000000003793,2021_2022,2022_2023,0,Small,0.6243571253650945
00530000000000003793,2022_2023,2023_2024,0,Medium,1.1194728422529043
00530000000000003794,2018_2019,2019_2020,0,Medium,1.2240797808704011
00530000000000003794,2019_2020,2020_2021,1,Large,1.8106435486984216
00530000000000003794,2020_2021,2021_2022,1,Large,1.370284086451463
00530000000000003794,2021_2022,2022_2023,1,Large,1.5865734926800865
00530000000000003794,2022_2023,2023_2024,1,Medium,0.7871058148404487
00530000000000003795,2018_2019,2019_2020,1,Large,2.084320358659556
00530000000000003795,2019_2020,2020_2021,0,Medium,0.9707998053392342
00530000000000003795,2020_2021,2021_2022,0,Small,0.6899604059478398
00530000000000003795,2021_2022,2022_2023,0,Medium,1.2185676240463295
00530000000000003795,2022_2023,2023_2024,0,Small,0.5690635298096703
0053000000000000379e,2018_2019,2019_2020,0,Small,0.3313260567737949
0053000000000000379e,2019_2020,2020_2021,0,Small,0.5321291103031961
0053000000000000379e,2020_2021,2021_2022,0,Medium,1.0360285510468528
0053000000000000379e,2021_2022,2022_2023,0,Medium,1.1133816081616414
0053000000000000379e,2022_2023,2023_2024,0,Medium,0.7580632776210184
0053000000000000379f,2018_2019,2019_2020,0,Small,0.15655977874907975
0053000000000000379f,2019_2020,2020_2021,0,Small,0.2217391910628063
0053000000000000379f,2020_2021,2021_2022,0,Small,0.33696534926540994
0053000000000000379f,2021_2022,2022_2023,0,Small,0.26704059376813655
0053000000000000379f,2022_2023,2023_2024,0,Small,0.274067802256014
005300000000000037a0,2018_2019,2019_2020,0,Small,0.38086198977898345
005300000000000037a0,2019_2020,2020_2021,0,Small,0.3309761818872908
005300000000000037a0,2020_2021,2021_2022,0,Medium,0.7735767230457059
005300000000000037a0,2021_2022,2022_2023,0,Small,0.49189397510055105
005300000000000037a0,2022_2023,2023_2024,0,Small,0.38640512660931614
005300000000000037a1,2018_2019,2019_2020,0,Small,0.14606615601223324
005300000000000037a1,2019_2020,2020_2021,0,Small,0.12431277158605833
005300000000000037a1,2020_2021,2021_2022,0,Small,0.6401349087541854
005300000000000037a1,2021_2022,2022_2023,0,Small,0.48357006641037237
005300000000000037a1,2022_2023,2023_2024,0,Small,0.34810226748595396
005300000000000037a2,2018_2019,2019_2020,0,Small,0.07133520028302028
005300000000000037a2,2019_2020,2020_2021,0,Small,0.1817768096012371
005300000000000037a2,2020_2021,2021_2022,0,Medium,0.7883051133668727
005300000000000037a2,2021_2022,2022_2023,0,Medium,0.7964658473784572
005300000000000037a2,2022_2023,2023_2024,0,Small,0.06877372007271178
005300000000000037a3,2018_2019,2019_2020,0,Small,0.2023375412144631
005300000000000037a3,2019_2020,2020_2021,0,Small,0.28498444743579365
005300000000000037a3,2020_2021,2021_2022,0,Small,0.20356382739174453
005300000000000037a3,2021_2022,2022_2023,0,Small,0.05298445187823345
005300000000000037a3,2022_2023,2023_2024,0,Small,0.09075902534498849
005300000000000037a4,2018_2019,2019_2020,0,Small,0.058913125974815475
005300000000000037a4,2019_2020,2020_2021,0,Small,0.11271095017537493
005300000000000037a4,2020_2021,2021_2022,0,Small,0.26877293486633336
005300000000000037a4,2021_2022,2022_2023,0,Small,0.538822960076627
005300000000000037a4,2022_2023,2023_2024,0,Small,0.03965417893054457
005300000000000037a5,2018_2019,2019_2020,0,Small,0.5044317940130997
005300000000000037a5,2019_2020,2020_2021,0,Medium,0.7672939529039149
005300000000000037a5,2020_2021,2021_2022,0,Medium,0.9077698955157052
005300000000000037a5,2021_2022,2022_2023,0,Small,0.2779795813711779
005300000000000037a5,2022_2023,2023_2024,0,Small,0.43503843207587795
005300000000000037a6,2018_2019,2019_2020,0,Small,0.6885306171068962
005300000000000037a6,2019_2020,2020_2021,0,Small,0.43623170451528265
005300000000000037a6,2020_2021,2021_2022,0,Medium,0.8746210413107917
005300000000000037a6,2021_2022,2022_2023,0,Small,0.6645465690628953
005300000000000037a6,2022_2023,2023_2024,0,Small,0.2916258469433024
005300000000000037a7,2018_2019,2019_2020,1,Medium,0.8434343785024977
005300000000000037a7,2019_2020,2020_2021,0,Small,0.6194359396028535
005300000000000037a7,2020_2021,2021_2022,0,Small,0.3656681469477526
005300000000000037a7,2021_2022,2022_2023,1,Small,0.5226093959100212
005300000000000037a7,2022_2023,2023_2024,0,Large,1.4671077106383994
005300000000000037a8,2018_2019,2019_2020,1,Small,0.40698396686821503
005300000000000037a8,2019_2020,2020_2021,1,Small,0.7188846372514658
005300000000000037a8,2020_2021,2021_2022,1,Small,0.5874139539220326
005300000000000037a8,2021_2022,2022_2023,0,Medium,0.7652699513952783
005300000000000037a8,2022_2023,2023_2024,0,Medium,1.2154061685214044
005300000000000037a9,2018_2019,2019_2020,0,Small,0.1841236950339275
005300000000000037a9,2019_2020,2020_2021,0,Small,0.5266572156588553
005300000000000037a9,2020_2021,2021_2022,0,Small,0.33796502016658436
005300000000000037a9,2021_2022,2022_2023,0,Small,0.5461073739485327
005300000000000037a9,2022_2023,2023_2024,0,Medium,1.1808210388667533
005300000000000037aa,2018_2019,2019_2020,0,Small,0.32078967969293554
005300000000000037aa,2019_2020,2020_2021,1,Small,0.6180181775133072
005300000000000037aa,2020_2021,2021_2022,1,Medium,1.0566422623514349
005300000000000037aa,2021_2022,2022_2023,0,Small,0.08217939467730154
005300000000000037aa,2022_2023,2023_2024,0,Medium,0.7753964228508012
005300000000000037ab,2018_2019,2019_2020,0,Small,0.15814599972267226
005300000000000037ab,2019_2020,2020_2021,0,Small,0.4414079829163318
005300000000000037ab,2020_2021,2021_2022,0,Small,0.65703602024158
005300000000000037ab,2021_2022,2022_2023,0,Small,0.15791981543514225
005300000000000037ab,2022_2023,2023_2024,0,Medium,0.7601130025728225
005300000000000037ac,2018_2019,2019_2020,0,Small,0.5165874970080387
005300000000000037ac,2019_2020,2020_2021,1,Medium,1.0003510093332733
005300000000000037ac,2020_2021,2021_2022,1,Small,0.6966390503013508
005300000000000037ac,2021_2022,2022_2023,0,Small,0.5351457531845838
005300000000000037ac,2022_2023,2023_2024,0,Large,1.5365332551640647
005300000000000037ad,2018_2019,2019_2020,0,Small,0.37501539280024904
005300000000000037ad,2019_2020,2020_2021,0,Small,0.2622820443800724
005300000000000037ad,2020_2021,2021_2022,0,Small,0.1155993546792026
005300000000000037ad,2021_2022,2022_2023,0,Small,0.4663240969419808
005300000000000037ad,2022_2023,2023_2024,0,Small,0.32740321783927573
005300000000000037ae,2018_2019,2019_2020,0,Small,0.08568242716516009
005300000000000037ae,2019_2020,2020_2021,0,Small,0.3549143541567152
005300000000000037ae,2020_2021,2021_2022,0,Small,0.3417486667065624
005300000000000037ae,2021_2022,2022_2023,0,Small,0.3877281651191269
005300000000000037ae,2022_2023,2023_2024,0,Small,0.41571253033068367
005300000000000037af,2018_2019,2019_2020,0,Small,0.1343795494942989
005300000000000037af,2019_2020,2020_2021,1,Medium,1.1673943197943426
005300000000000037af,2020_2021,2021_2022,1,Large,1.8426034314565805
005300000000000037af,2021_2022,2022_2023,1,Medium,0.8967693337255699
005300000000000037af,2022_2023,2023_2024,0,Small,0.649437775297755
005300000000000037b0,2018_2019,2019_2020,0,Small,0.22880351189915082
005300000000000037b0,2019_2020,2020_2021,1,Medium,0.8724158965590103
005300000000000037b0,2020_2021,2021_2022,1,Large,1.4159066218765712
005300000000000037b0,2021_2022,2022_2023,1,Medium,0.8728386692293848
005300000000000037b0,2022_2023,2023_2024,0,Small,0.4901591111381942
005300000000000037b1,2018_2019,2019_2020,1,Small,0.339284531065543
005300000000000037b1,2019_2020,2020_2021,1,Medium,0.8178585992045572
005300000000000037b1,2020_2021,2021_2022,1,Medium,1.1628042968387229
005300000000000037b1,2021_2022,2022_2023,1,Medium,0.8705394205695666
005300000000000037b1,2022_2023,2023_2024,0,Small,0.521603919438447
005300000000000037b2,2018_2019,2019_2020,0,Small,0.17916196398820688
005300000000000037b2,2019_2020,2020_2021,1,Small,0.5139232594349439
005300000000000037b2,2020_2021,2021_2022,1,Medium,0.8269529941550949
005300000000000037b2,2021_2022,2022_2023,1,Medium,0.8448494190891953
005300000000000037b2,2022_2023,2023_2024,0,Small,0.39976306627179187
005300000000000037b3,2018_2019,2019_2020,0,Small,0.15051924862076102
005300000000000037b3,2019_2020,2020_2021,1,Small,0.708424372164057
005300000000000037b3,2020_2021,2021_2022,1,Medium,1.0724242785566152
005300000000000037b3,2021_2022,2022_2023,0,Small,0.6308040570400019
005300000000000037b3,2022_2023,2023_2024,0,Small,0.46430903877284296
005300000000000037b4,2018_2019,2019_2020,1,Large,1.9276609970380147
005300000000000037b4,2019_2020,2020_2021,1,Small,0.6996680167831221
005300000000000037b4,2020_2021,2021_2022,1,Medium,0.7854868219023173
005300000000000037b4,2021_2022,2022_2023,1,Medium,1.0229614050156086
005300000000000037b4,2022_2023,2023_2024,0,Medium,1.085493927162202
005300000000000037b5,2018_2019,2019_2020,0,Small,0.16397294785669467
005300000000000037b5,2019_2020,2020_2021,0,Small,0.7250322794402686
005300000000000037b5,2020_2021,2021_2022,1,Large,1.5694332122557175
005300000000000037b5,2021_2022,2022_2023,1,Large,1.4886374156428956
005300000000000037b5,2022_2023,2023_2024,1,Small,0.6858737629906203
005300000000000037b6,2018_2019,2019_2020,0,Small,0.4805833138809952
005300000000000037b6,2019_2020,2020_2021,0,Small,0.7280306438150607
005300000000000037b6,2020_2021,2021_2022,1,Large,1.777170417872107
005300000000000037b6,2021_2022,2022_2023,1,Medium,1.2268796823407837
005300000000000037b6,2022_2023,2023_2024,0,Small,0.16655138665342875
005300000000000037b7,2018_2019,2019_2020,0,Medium,0.8451831059036046
005300000000000037b7,2019_2020,2020_2021,0,Large,1.508186231330158
005300000000000037b7,2020_2021,2021_2022,1,Large,3.0296091154482307
005300000000000037b7,2021_2022,2022_2023,0,Medium,0.8635144971108998
005300000000000037b7,2022_2023,2023_2024,0,Small,0.19432481745909033
005300000000000037b8,2018_2019,2019_2020,0,Small,0.3414260535452405
005300000000000037b8,2019_2020,2020_2021,0,Medium,1.2380849831877825
005300000000000037b8,2020_2021,2021_2022,0,Medium,0.8013845159714325
005300000000000037b8,2021_2022,2022_2023,1,Large,2.1144891147648543
005300000000000037b8,2022_2023,2023_2024,1,Large,2.2999984972499914
005300000000000037b9,2018_2019,2019_2020,0,Medium,0.775622479486652
005300000000000037b9,2019_2020,2020_2021,0,Medium,1.2288400176708774
005300000000000037b9,2020_2021,2021_2022,1,Large,1.8539598925629481
005300000000000037b9,2021_2022,2022_2023,1,Medium,0.9308605684219217
005300000000000037b9,2022_2023,2023_2024,0,Small,0.3784029271650995
005300000000000037ba,2018_2019,2019_2020,0,Small,0.3617130995964628
005300000000000037ba,2019_2020,2020_2021,1,Small,0.2864586769907569
005300000000000037ba,2020_2021,2021_2022,0,Medium,1.0134979967858566
005300000000000037ba,2021_2022,2022_2023,0,Large,1.3060261592215445
005300000000000037ba,2022_2023,2023_2024,0,Medium,0.8352377062109063
005300000000000037bb,2018_2019,2019_2020,0,Small,0.39571889989728365
005300000000000037bb,2019_2020,2020_2021,1,Small,0.6188101932266229
005300000000000037bb,2020_2021,2021_2022,0,Medium,0.8101032090561942
005300000000000037bb,2021_2022,2022_2023,0,Medium,0.9131999692421087
005300000000000037bb,2022_2023,2023_2024,0,Medium,0.8812351995348421
005300000000000037bc,2018_2019,2019_2020,0,Small,0.3967651311281408
005300000000000037bc,2019_2020,2020_2021,0,Small,0.3103449184336838
005300000000000037bc,2020_2021,2021_2022,0,Small,0.6151543140843002
005300000000000037bc,2021_2022,2022_2023,0,Small,0.2818392854085496
005300000000000037bc,2022_2023,2023_2024,0,Small,0.7427217085262465
005300000000000037bd,2018_2019,2019_2020,0,Medium,0.9969421875216011
005300000000000037bd,2019_2020,2020_2021,0,Small,0.7437903600007228
005300000000000037bd,2020_2021,2021_2022,0,Small,0.44261270272248726
005300000000000037bd,2021_2022,2022_2023,0,Medium,1.0474292605152817
005300000000000037bd,2022_2023,2023_2024,0,Small,0.5575065347968616
005300000000000037be,2018_2019,2019_2020,0,Small,0.14586861325493794
005300000000000037be,2019_2020,2020_2021,0,Small,0.24077656877387232
005300000000000037be,2020_2021,2021_2022,0,Small,0.5819452000655205
005300000000000037be,2021_2022,2022_2023,0,Small,0.5797645922863145
005300000000000037be,2022_2023,2023_2024,0,Small,0.22606081142985116
005300000000000037bf,2018_2019,2019_2020,0,Small,0.24181656519833886
005300000000000037bf,2019_2020,2020_2021,0,Small,0.09885737441286362
005300000000000037bf,2020_2021,2021_2022,0,Small,0.7192578141160094
005300000000000037bf,2021_2022,2022_2023,0,Medium,0.8494710990152039
005300000000000037bf,2022_2023,2023_2024,0,Small,0.4435571603063
005300000000000037c0,2018_2019,2019_2020,0,Small,0.5138296290572902
005300000000000037c0,2019_2020,2020_2021,0,Small,0.5651133949255467
005300000000000037c0,2020_2021,2021_2022,0,Small,0.6759992277864211
005300000000000037c0,2021_2022,2022_2023,0,Medium,0.8794368243141851
005300000000000037c0,2022_2023,2023_2024,0,Small,0.4779099828684375
005300000000000037c2,2018_2019,2019_2020,0,Medium,0.9388056385113119
005300000000000037c2,2019_2020,2020_2021,0,Medium,0.868232593903412
005300000000000037c2,2020_2021,2021_2022,0,Small,0.6754790915142953
005300000000000037c2,2021_2022,2022_2023,1,Large,1.2869852530037627
005300000000000037c2,2022_2023,2023_2024,1,Medium,1.145824771251003
005300000000000037c4,2018_2019,2019_2020,0,Medium,0.7663868792026101
005300000000000037c4,2019_2020,2020_2021,0,Small,0.7046466292237854
005300000000000037c4,2020_2021,2021_2022,0,Small,0.6872752501383095
005300000000000037c4,2021_2022,2022_2023,1,Medium,1.146549715939596
005300000000000037c4,2022_2023,2023_2024,1,Medium,0.8332378863872281
00530000000000004244,2018_2019,2019_2020,0,Large,2.329417900328734
00530000000000004244,2019_2020,2020_2021,0,Medium,0.8500726784923495
00530000000000004244,2020_2021,2021_2022,1,Large,1.9174038814725065
00530000000000004244,2021_2022,2022_2023,1,Large,2.50682127033144
00530000000000004244,2022_2023,2023_2024,0,Medium,1.1481725045404658
00530000000000004245,2018_2019,2019_2020,0,Medium,1.2431813255187194
00530000000000004245,2019_2020,2020_2021,0,Medium,0.8469696136566074
00530000000000004245,2020_2021,2021_2022,1,Large,1.664042479348281
00530000000000004245,2021_2022,2022_2023,1,Large,2.0350284324536165
00530000000000004245,2022_2023,2023_2024,1,Large,2.1218276420780557
00530000000000004246,2018_2019,2019_2020,0,Large,1.7560121495986203
00530000000000004246,2019_2020,2020_2021,0,Small,0.6037101279476675
00530000000000004246,2020_2021,2021_2022,1,Large,1.538305912734892
00530000000000004246,2021_2022,2022_2023,1,Large,1.9612343670277566
00530000000000004246,2022_2023,2023_2024,1,Large,2.060800342387459
00530000000000004247,2018_2019,2019_2020,1,Large,3.0278826252232403
00530000000000004247,2019_2020,2020_2021,1,Large,3.8374085058600387
00530000000000004247,2020_2021,2021_2022,1,Large,3.234616388203938
00530000000000004247,2021_2022,2022_2023,0,Small,0.6994782339950385
00530000000000004247,2022_2023,2023_2024,1,Large,2.124324802671458
00530000000000004248,2018_2019,2019_2020,1,Medium,0.7710965427890881
00530000000000004248,2019_2020,2020_2021,1,Large,2.6736491007823617
00530000000000004248,2020_2021,2021_2022,1,Large,5.528881859854455
00530000000000004248,2021_2022,2022_2023,1,Large,5.405721092425204
00530000000000004248,2022_2023,2023_2024,1,Large,3.56966620459893
00530000000000004249,2018_2019,2019_2020,0,Small,0.41310855955925746
00530000000000004249,2019_2020,2020_2021,1,Large,2.1889683752266973
00530000000000004249,2020_2021,2021_2022,1,Large,4.754409315784732
00530000000000004249,2021_2022,2022_2023,1,Large,4.487808475776173
00530000000000004249,2022_2023,2023_2024,1,Large,2.3228532740727617
0053000000000000424a,2018_2019,2019_2020,1,Medium,0.7789934790865864
0053000000000000424a,2019_2020,2020_2021,1,Large,2.337071852907408
0053000000000000424a,2020_2021,2021_2022,1,Large,5.262730077767137
0053000000000000424a,2021_2022,2022_2023,1,Large,4.186611279748175
0053000000000000424a,2022_2023,2023_2024,1,Large,2.445378363520711
00530000000000004403,2018_2019,2019_2020,1,Large,1.712077734929088
00530000000000004403,2019_2020,2020_2021,1,Large,1.7595293730021373
00530000000000004403,2020_2021,2021_2022,0,Medium,0.9009756116859721
00530000000000004403,2021_2022,2022_2023,0,Small,0.5637425632447586
00530000000000004403,2022_2023,2023_2024,0,Small,0.3788383388217965
