orch_id,cluster_role_mapped,best_soft_norm,uncertain,flipped_this_season,streak_len_current,time_since_last_flip,npts_total,env_z_season,stratum
0053000000000000134f,Cover,0.2918292199491831,False,True,1.0,0.0,5,1.393444155444341,Mid
00530000000000001466,Cover,0.4685567947762265,False,False,3.0,,5,0.04170772309085812,Mid
005300000000000015fb,Bare,0.9814011345590533,False,False,3.0,,5,-0.6945495783470471,Mid
00530000000000001a3d,Bare,1.0,False,False,3.0,,5,-0.3962660405524185,Mid
00530000000000001ec5,Cover,0.1439007753035575,True,False,2.0,1.0,5,-0.48997755550366917,Mid
00530000000000001ec6,Bare,0.9991649640304622,False,False,3.0,,5,-0.23646467998904303,Mid
00530000000000001ec9,Cover,0.3530521674646297,False,True,1.0,0.0,5,1.5816999147851578,Mid
00530000000000001ecd,Cover,1.0,False,True,1.0,0.0,5,0.8683161264696012,Mid
00530000000000001ed0,Cover,0.3151586759755105,False,True,1.0,0.0,5,1.9662871046646297,Mid
00530000000000001ed1,Cover,0.29445937944154016,False,True,1.0,0.0,5,-0.06277579504638496,Mid
00530000000000001ed2,Cover,0.34184177051999376,False,True,1.0,0.0,5,0.3252397599305051,Mid
00530000000000001ed4,Bare,0.010827180891140464,True,False,2.0,1.0,5,0.6937803646717859,Mid
00530000000000001ed5,Cover,0.8080405365587439,False,True,1.0,0.0,5,1.0356762176115126,Mid
00530000000000001ed7,Cover,0.5437491872597536,False,False,3.0,,5,-0.0015432788183827482,Mid
00530000000000001ed9,Bare,0.27298302552054626,False,False,3.0,,5,1.525287046916196,Mid
00530000000000001eda,Cover,0.5320117817274547,False,False,3.0,,5,1.100952751703771,Mid
00530000000000001edb,Bare,0.29858482408176257,False,False,3.0,,5,1.2427907116608987,Mid
00530000000000001edc,Cover,0.25164749688864263,False,False,3.0,,5,2.316946350824926,Mid
00530000000000001edd,Cover,0.8810771937726086,False,False,2.0,1.0,5,0.856327252251502,Mid
00530000000000001ede,Cover,0.5204154997344045,False,False,2.0,1.0,5,0.6016405310612449,Mid
00530000000000001edf,Bare,0.2048170798505152,False,True,1.0,0.0,5,0.4582079506299599,Mid
00530000000000001ee0,Bare,0.37858862221038897,False,False,3.0,,5,2.4496699375496283,Mid
00530000000000001ee2,Bare,0.0520758480996686,True,False,2.0,1.0,5,0.11300380814711253,Mid
00530000000000001ee3,Bare,0.6006141977398989,False,True,1.0,0.0,5,0.0045931488072760655,Mid
00530000000000001ee4,Bare,0.264767071168644,False,True,1.0,0.0,5,0.2234156571302746,Mid
00530000000000001ee5,Cover,0.5223113023883783,False,False,3.0,,5,0.35966263464436865,Mid
00530000000000001ee6,Bare,1.0,False,True,1.0,0.0,5,-0.2318635652738416,Mid
00530000000000001ee7,Bare,1.0,False,False,3.0,,5,-0.5389966946316214,Mid
00530000000000001ee9,Bare,0.47572632549719934,False,False,2.0,1.0,5,-0.17601356344456923,Mid
00530000000000001eea,Bare,1.0,False,False,2.0,1.0,5,-0.38629335404052617,Mid
005300000000000022e5,Cover,0.8546024169358873,False,False,3.0,,5,0.4118218036350541,Mid
005300000000000022e6,Cover,0.7475582547397653,False,False,3.0,,5,0.35732366194087933,Mid
005300000000000022e7,Cover,0.0,True,False,3.0,,5,-0.6827039282374742,Mid
005300000000000022e8,Bare,0.4185553955133994,False,True,1.0,0.0,5,0.13801730000569493,Mid
005300000000000022e9,Cover,0.883965481387149,False,False,3.0,,5,0.8553377437470693,Mid
005300000000000022ea,Cover,0.25908964127528095,False,False,3.0,,5,1.804852596451691,Mid
005300000000000022eb,Cover,0.5239723315380835,False,True,1.0,0.0,5,1.0256399634704845,Mid
005300000000000022ec,Cover,0.36052141484556915,False,False,3.0,,5,-0.23816679207060015,Mid
005300000000000022ee,Bare,1.0,False,False,2.0,1.0,5,1.2884829823129729,Mid
005300000000000022ef,Cover,0.25586150131015123,False,True,1.0,0.0,5,2.2141269036986224,Mid
005300000000000022f0,Bare,0.06525604051306727,True,True,1.0,0.0,5,0.13465822599454588,Mid
005300000000000022f1,Cover,0.6113677357709376,False,False,3.0,,5,0.6191171645233193,Mid
005300000000000022f2,Bare,0.2043391722623962,False,True,1.0,0.0,5,1.333646890059165,Mid
005300000000000022f3,Bare,0.21997522114718235,False,False,2.0,1.0,5,1.8851294410417203,Mid
005300000000000022f4,Bare,0.3781074229394475,False,True,1.0,0.0,5,1.2512847962407936,Mid
0053000000000000243a,Cover,0.07106768316102378,True,True,1.0,0.0,5,0.30289376867663004,Mid
0053000000000000243b,Bare,0.46396886871070386,False,False,3.0,,5,-0.12639415073368065,Mid
0053000000000000243c,Bare,0.23203736993535787,False,False,3.0,,5,1.8568054705102375,Mid
00530000000000002441,Bare,0.008455433104847246,True,True,1.0,0.0,5,-0.21043848224690456,Mid
00530000000000002444,Bare,0.1543302719145474,False,False,3.0,,5,1.8252133640262973,Mid
0053000000000000244a,Cover,0.24760679752385517,False,True,1.0,0.0,5,-0.43543526783625813,Mid
0053000000000000244f,Bare,0.47281615811202976,False,False,3.0,,5,-0.03519647182765771,Mid
00530000000000002450,Bare,0.5003712275530752,False,True,1.0,0.0,5,-1.4641259248214598,Mid
00530000000000002451,Bare,0.7237391772806935,False,False,3.0,,5,-0.04588379107691548,Mid
00530000000000002452,Bare,0.07124757193277596,True,False,2.0,1.0,5,0.3742136768408117,Mid
00530000000000002454,Bare,0.17396637784285396,False,False,3.0,,5,0.19740690581600948,Mid
00530000000000002455,Cover,0.41822614942462977,False,True,1.0,0.0,5,0.7843388503124286,Mid
00530000000000002459,Bare,0.1318324242061588,True,False,3.0,,5,0.31518871263480197,Mid
0053000000000000245b,Cover,0.5727430292847946,False,False,2.0,1.0,5,0.012956466726263745,Mid
0053000000000000245f,Bare,0.6081682101830627,False,True,1.0,0.0,5,0.6058686910482993,Mid
00530000000000002460,Bare,1.0,False,False,3.0,,5,-0.4912686924031786,Mid
00530000000000002467,Bare,0.9781840350234187,False,False,3.0,,5,-0.48977574410461316,Mid
00530000000000002468,Cover,0.05973191192577716,True,True,1.0,0.0,5,0.4492166216335841,Mid
00530000000000002469,Bare,0.7245354439157939,False,False,3.0,,5,-0.9275537643860585,Mid
0053000000000000246b,Bare,0.4000676390034309,False,False,3.0,,5,-0.6291738093721579,Mid
0053000000000000246d,Bare,0.2578770524972121,False,False,3.0,,5,1.6562825932831264,Mid
0053000000000000246e,Cover,0.42839980523404236,False,False,2.0,1.0,5,1.6253896573671849,Mid
0053000000000000246f,Cover,1.0,False,False,2.0,1.0,5,0.4050004556493113,Mid
00530000000000002470,Bare,0.5717184948816576,False,False,3.0,,5,1.1208799066283524,Mid
00530000000000002471,Bare,0.30509883959828926,False,False,3.0,,5,-0.7591758383659793,Mid
00530000000000002472,Bare,0.09214927053669064,True,False,3.0,,5,-0.5300093875067184,Mid
00530000000000002473,Bare,0.0,True,False,2.0,1.0,5,0.4270815080258707,Mid
00530000000000002475,Bare,0.6351873374324584,False,True,1.0,0.0,5,-0.3096837675469663,Mid
0053000000000000247b,Bare,0.0,True,True,1.0,0.0,5,-1.487618489885767,Mid
0053000000000000247d,Bare,1.0,False,False,3.0,,5,-0.5626610001785025,Mid
0053000000000000247e,Bare,0.0776494221838042,True,False,3.0,,5,1.887479136933115,Mid
0053000000000000247f,Bare,0.03768123737514935,True,False,2.0,1.0,5,-1.3773738524602512,Mid
00530000000000002482,Bare,0.20338116020236763,False,True,1.0,0.0,5,1.8644074156653745,Mid
00530000000000002485,Cover,0.0,True,False,2.0,1.0,5,-0.9058244286382342,Mid
00530000000000002486,Bare,0.45042501279108804,False,False,3.0,,5,-0.6516574615022637,Mid
005300000000000024a9,Cover,0.8089503525301492,False,True,1.0,0.0,5,1.0490548905205026,Mid
005300000000000024aa,Bare,0.23059346949746895,False,True,1.0,0.0,5,0.38801129361543596,Mid
005300000000000024ab,Bare,0.6587842287295754,False,False,3.0,,5,-1.1004522655946751,Mid
005300000000000024ac,Bare,0.15893002614658494,False,False,2.0,1.0,5,-0.20957764773018164,Mid
005300000000000024ad,Bare,0.5165914725218128,False,False,3.0,,5,-0.6177550637229229,Mid
005300000000000024ae,Bare,0.5317712918121614,False,False,3.0,,5,-0.8285609680986049,Mid
005300000000000024af,Bare,0.6516945286203631,False,False,3.0,,5,-1.1095017302343935,Mid
005300000000000024b0,Bare,0.11870122698715223,True,True,1.0,0.0,5,0.21614213004343275,Mid
005300000000000024b1,Bare,0.1996482314592974,False,False,3.0,,5,-0.056053777105914665,Mid
005300000000000024b2,Bare,0.6001051360143477,False,True,1.0,0.0,5,-0.4508421914099017,Mid
005300000000000024b3,Bare,1.0,False,False,3.0,,5,-0.47689436106626193,Mid
005300000000000024b5,Bare,0.6150044757542928,False,True,1.0,0.0,5,-1.170528805416856,Mid
005300000000000024b6,Bare,0.7412174909568988,False,False,3.0,,5,-0.056089851514713435,Mid
005300000000000024b7,Bare,0.5300610233526841,False,True,1.0,0.0,5,-1.176987523601443,Mid
005300000000000024b8,Bare,1.0,False,True,1.0,0.0,5,-0.37658038416719963,Mid
005300000000000024bb,Bare,0.30504721854701167,False,True,1.0,0.0,5,1.0961889188752374,Mid
005300000000000024be,Cover,0.8828425297795778,False,False,2.0,1.0,5,0.28091530111878243,Mid
005300000000000024c0,Bare,0.4513261065402297,False,False,2.0,1.0,5,-1.5128059694159968,Mid
005300000000000024c2,Bare,0.30860246305169026,False,True,1.0,0.0,5,1.1862808333415336,Mid
005300000000000024c3,Bare,0.7393455422579557,False,False,3.0,,5,1.6338556085413132,Mid
005300000000000024c4,Bare,0.355716875409014,False,True,1.0,0.0,5,0.8545280276472841,Mid
005300000000000024c5,Bare,0.285095533051299,False,False,2.0,1.0,5,-2.1028956267793832,Mid
005300000000000024c7,Bare,0.7112301146526709,False,False,3.0,,5,-0.5105570332219479,Mid
005300000000000024c8,Bare,0.12557241625517976,True,True,1.0,0.0,5,0.30606754975816447,Mid
005300000000000024c9,Bare,0.41178631433105156,False,False,3.0,,5,-0.7895092919263819,Mid
005300000000000024cb,Bare,1.0,False,False,3.0,,5,-0.552786551908104,Mid
005300000000000024cc,Cover,0.0,True,True,1.0,0.0,5,-0.3200479347784095,Mid
005300000000000024cd,Bare,1.0,False,False,3.0,,5,-0.39559357885905183,Mid
005300000000000024ce,Bare,0.7761707097978706,False,False,3.0,,5,-0.21294424962707245,Mid
005300000000000024cf,Bare,0.35921149897827503,False,False,3.0,,5,-0.024921754460705412,Mid
005300000000000024d0,Cover,0.8771089555968663,False,False,2.0,1.0,5,0.4835622911696977,Mid
005300000000000024d1,Bare,0.2445920928751479,False,False,3.0,,5,0.2443073082587119,Mid
005300000000000024d3,Bare,0.7008597679706648,False,True,1.0,0.0,5,-0.6016297356913048,Mid
005300000000000024d5,Bare,0.33888530444233794,False,True,1.0,0.0,5,-2.0145048359838205,Mid
005300000000000024d6,Bare,0.31735421888724535,False,True,1.0,0.0,5,-2.000854080517793,Mid
005300000000000024d7,Bare,0.04771235302893626,True,False,2.0,1.0,5,0.3116724237769471,Mid
005300000000000024d8,Bare,0.01802770546117184,True,False,3.0,,5,-0.7838903132344044,Mid
005300000000000024d9,Bare,0.46936828362969785,False,False,3.0,,5,-1.4659188218194223,Mid
005300000000000024da,Bare,1.0,False,True,1.0,0.0,5,-0.2989331825188631,Mid
005300000000000024db,Bare,0.14852170887864716,True,True,1.0,0.0,5,0.3809701562669239,Mid
005300000000000024dc,Bare,1.0,False,False,3.0,,5,-0.4158086943532573,Mid
005300000000000024dd,Bare,1.0,False,False,3.0,,5,-0.3670041700603669,Mid
005300000000000024de,Bare,0.5893312898036792,False,False,3.0,,5,0.027013546833696396,Mid
005300000000000024df,Bare,0.26114925075720513,False,True,1.0,0.0,5,-0.9938771035187379,Mid
005300000000000024e0,Bare,0.0,True,False,2.0,1.0,5,1.23688120598881,Mid
005300000000000024e1,Bare,1.0,False,False,3.0,,5,-0.413368032617656,Mid
005300000000000024e2,Bare,0.7519463682034084,False,False,2.0,1.0,5,1.0288493621909014,Mid
005300000000000024e3,Bare,0.29100780741318955,False,False,2.0,1.0,5,1.0043346362404848,Mid
005300000000000024e4,Cover,0.3487945076134187,False,True,1.0,0.0,5,0.38767584501826957,Mid
005300000000000024e5,Bare,0.560447832784095,False,False,3.0,,5,-1.3286499374777099,Mid
005300000000000024e6,Bare,0.42879591792495125,False,False,3.0,,5,-1.594039058305764,Mid
005300000000000024e7,Bare,0.5095337593675856,False,False,3.0,,5,-1.3681620243715167,Mid
005300000000000024e8,Bare,0.6332467347848978,False,False,3.0,,5,-0.6072544610909666,Mid
005300000000000024e9,Bare,0.9490734765768741,False,False,3.0,,5,-0.6521754097143189,Mid
005300000000000024ea,Cover,0.0,True,True,1.0,0.0,5,-0.4665204677937715,Mid
005300000000000024eb,Bare,0.0,True,False,3.0,,5,0.35734571917968205,Mid
005300000000000024ec,Bare,0.34856277506090866,False,False,2.0,1.0,5,-0.04718030279488691,Mid
005300000000000024ed,Bare,0.43083327162597035,False,False,2.0,1.0,5,0.6477491787536533,Mid
005300000000000024ee,Bare,0.8758872904633014,False,False,3.0,,5,1.4563377750388096,Mid
005300000000000024ef,Bare,0.0,True,False,3.0,,5,0.4592987987224983,Mid
005300000000000024f0,Cover,0.012126366535190574,True,False,3.0,,5,-0.28052991626285906,Mid
005300000000000024f1,Bare,1.0,False,False,3.0,,5,-0.320855107816612,Mid
005300000000000024f2,Bare,1.0,False,False,3.0,,5,-0.5431242225366999,Mid
005300000000000024f3,Bare,0.0,True,False,3.0,,5,0.46513970934501664,Mid
005300000000000024f4,Bare,0.8394789874665575,False,False,2.0,1.0,5,-0.11375618343118749,Mid
005300000000000024f5,Bare,0.03384719864029859,True,True,1.0,0.0,5,0.1279306014671005,Mid
005300000000000024f6,Bare,0.5722220118462227,False,False,3.0,,5,-0.9758093775682145,Mid
005300000000000024f7,Cover,0.04542954420087733,True,False,3.0,,5,0.7303904983830254,Mid
005300000000000024f8,Cover,0.24898140967484206,False,True,1.0,0.0,5,2.211638263799852,Mid
005300000000000024f9,Bare,0.2137147563604573,False,False,3.0,,5,-0.33243059896437305,Mid
005300000000000024fa,Bare,0.737934479586802,False,False,3.0,,5,-0.9974346917720809,Mid
005300000000000024fb,Cover,0.0961269523325012,True,False,3.0,,5,1.7497720240854897,Mid
005300000000000024fc,Bare,0.7218099561683993,False,False,3.0,,5,-0.5029354054494233,Mid
005300000000000024fd,Bare,0.6200531519784303,False,False,3.0,,5,0.66254004180342,Mid
005300000000000024fe,Bare,0.6526257566909562,False,False,3.0,,5,-1.1162468987769345,Mid
005300000000000024ff,Bare,0.0,True,True,1.0,0.0,5,0.2928369964785742,Mid
00530000000000002500,Bare,0.6540263578127793,False,False,3.0,,5,-1.1489244887788335,Mid
00530000000000002501,Bare,0.8768222678108561,False,True,1.0,0.0,5,-0.1465730395927957,Mid
00530000000000002502,Bare,0.5336093187004197,False,True,1.0,0.0,5,0.06289543339484367,Mid
00530000000000002503,Bare,0.6758746102331407,False,True,1.0,0.0,5,-0.9000304812292312,Mid
00530000000000002504,Bare,0.6377226182754141,False,False,3.0,,5,-1.1719273616032295,Mid
00530000000000002505,Bare,0.0,True,False,3.0,,5,0.5068992838545542,Mid
00530000000000002506,Bare,0.6539844097177802,False,False,3.0,,5,-1.1365071691185373,Mid
00530000000000002507,Bare,0.5932107071633365,False,False,3.0,,5,-1.211974474604631,Mid
00530000000000002508,Cover,0.14652168109309024,True,True,1.0,0.0,5,0.11540255472195615,Mid
00530000000000002509,Cover,0.23790823875767725,False,False,2.0,1.0,5,0.16950658503365665,Mid
0053000000000000250a,Cover,0.21971243181771977,False,False,3.0,,5,0.26345862034405937,Mid
0053000000000000250b,Bare,0.0,True,False,3.0,,5,0.050772754214405344,Mid
0053000000000000250c,Bare,0.21912762525589657,False,False,3.0,,5,0.8381721383424456,Mid
0053000000000000250d,Cover,0.9712447774536255,False,False,2.0,1.0,5,0.8840779910412796,Mid
0053000000000000250e,Cover,0.20105444330830996,False,True,1.0,0.0,5,0.332505164685107,Mid
0053000000000000250f,Bare,0.09217826724372218,True,False,3.0,,5,0.3525032470109425,Mid
00530000000000002510,Bare,0.31705362254917213,False,True,1.0,0.0,5,-0.0338383053033322,Mid
00530000000000002511,Bare,1.0,False,False,3.0,,5,-0.3222311749351449,Mid
00530000000000002512,Bare,0.0261462354086061,True,False,3.0,,5,0.21996824043927365,Mid
00530000000000002513,Bare,0.63599389415476,False,False,3.0,,5,-0.3496832175133834,Mid
00530000000000002514,Bare,0.3835800973055662,False,True,1.0,0.0,5,0.15722641340194093,Mid
00530000000000002515,Bare,0.9651681327542008,False,False,3.0,,5,-0.17802177201254693,Mid
00530000000000002516,Bare,0.14891933955660747,True,True,1.0,0.0,5,0.45391566664158717,Mid
00530000000000002517,Bare,0.23287835386598502,False,False,3.0,,5,1.7580212985796135,Mid
00530000000000002518,Bare,0.3604194774219218,False,False,3.0,,5,1.4900562628733327,Mid
00530000000000002519,Cover,0.23855090085650915,False,False,2.0,1.0,5,2.366365505065031,Mid
0053000000000000251a,Bare,0.49035319590483895,False,False,3.0,,5,-1.4691575144003577,Mid
0053000000000000251b,Bare,1.0,False,False,3.0,,5,-0.581391967369214,Mid
0053000000000000251c,Bare,0.26234569490491455,False,False,3.0,,5,0.21771385814358968,Mid
0053000000000000251d,Bare,0.0896416439744007,True,True,1.0,0.0,5,0.1742651676922038,Mid
0053000000000000251e,Bare,0.8116962040324159,False,False,3.0,,5,-0.11680061958211846,Mid
0053000000000000251f,Cover,0.0,True,True,1.0,0.0,5,-0.6888748950954661,Mid
00530000000000002520,Cover,0.06450327845239108,True,True,1.0,0.0,5,-0.2053422834372911,Mid
00530000000000002521,Bare,0.6079889567726731,False,False,3.0,,5,-1.184802720348908,Mid
00530000000000002522,Bare,0.6109945004426031,False,True,1.0,0.0,5,-1.165082926337951,Mid
00530000000000002523,Cover,0.8713303819485706,False,False,3.0,,5,0.28305231323790936,Mid
00530000000000002524,Bare,0.04732886007643452,True,True,1.0,0.0,5,1.555752399708759,Mid
00530000000000002525,Bare,1.0,False,False,3.0,,5,-0.27157820326709076,Mid
00530000000000002526,Bare,0.670076946787315,False,False,3.0,,5,-0.01732864767445641,Mid
00530000000000002527,Bare,0.4688319289664606,False,False,2.0,1.0,5,2.002513515181325,Mid
00530000000000002528,Bare,0.11908522924260136,True,True,1.0,0.0,5,0.5587512070422199,Mid
00530000000000002529,Bare,0.1446077282523428,True,True,1.0,0.0,5,0.7824767541393356,Mid
0053000000000000252a,Bare,1.0,False,False,3.0,,5,1.1898086682666602,Mid
0053000000000000252b,Bare,1.0,False,False,3.0,,5,-0.3606332186028282,Mid
0053000000000000252c,Bare,0.7317331500117189,False,False,3.0,,5,1.4100990886843292,Mid
0053000000000000252d,Bare,1.0,False,False,2.0,1.0,5,-0.5721143382856677,Mid
0053000000000000252e,Bare,0.5264958723538979,False,False,2.0,1.0,5,-0.02247898614104103,Mid
0053000000000000252f,Bare,0.8306824835827745,False,False,3.0,,5,-0.11646366619638272,Mid
00530000000000002530,Bare,0.051208716842833436,True,False,2.0,1.0,5,0.7119205515734927,Mid
00530000000000002531,Bare,1.0,False,False,3.0,,5,-0.6854897655630052,Mid
00530000000000002532,Bare,0.7403725784004568,False,False,3.0,,5,-0.060617887519285554,Mid
00530000000000002533,Bare,1.0,False,False,3.0,,5,-0.5537167009901369,Mid
00530000000000002534,Bare,0.0,True,False,2.0,1.0,5,0.2586676938241435,Mid
00530000000000002535,Bare,0.0,True,False,2.0,1.0,5,0.2609957816874529,Mid
00530000000000002536,Bare,1.0,False,False,3.0,,5,-0.49704913798324335,Mid
00530000000000002537,Bare,0.38382961670072874,False,False,3.0,,5,0.16156626140567398,Mid
00530000000000002538,Bare,0.0,True,False,2.0,1.0,5,0.4066772612052726,Mid
00530000000000002539,Bare,0.9619334687927976,False,False,3.0,,5,-0.5081805432852119,Mid
0053000000000000253a,Bare,0.5280009653022201,False,False,3.0,,5,-1.1707081088844424,Mid
0053000000000000253b,Bare,0.8264148438400499,False,False,3.0,,5,-0.5413871116883189,Mid
0053000000000000253c,Bare,0.19133733060922423,False,False,2.0,1.0,5,0.5401391906738195,Mid
0053000000000000253d,Bare,0.9232032476584544,False,False,3.0,,5,-0.7378330531081535,Mid
0053000000000000253e,Bare,0.8019462988144631,False,False,3.0,,5,-0.14757252679728564,Mid
0053000000000000253f,Bare,0.0,True,True,1.0,0.0,5,0.2312593150383845,Mid
00530000000000002540,Bare,0.6212198105905657,False,False,3.0,,5,0.011366938302565143,Mid
00530000000000002541,Bare,0.36475115746238485,False,False,3.0,,5,1.7215331979622501,Mid
00530000000000002542,Bare,0.44985726631175404,False,False,3.0,,5,-0.16383400103201815,Mid
00530000000000002543,Bare,0.32857786846296216,False,False,3.0,,5,0.4682650152656846,Mid
00530000000000002544,Bare,0.897577626280629,False,False,3.0,,5,-0.6658252594094934,Mid
00530000000000002545,Bare,0.9854254740768453,False,False,3.0,,5,-0.19848509977814494,Mid
00530000000000002546,Bare,0.5496884263364736,False,False,3.0,,5,0.04639526095990881,Mid
00530000000000002547,Bare,0.5421060253084672,False,True,1.0,0.0,5,0.563133704949896,Mid
00530000000000002548,Bare,1.0,False,False,3.0,,5,-0.6008933764449303,Mid
00530000000000002549,Cover,0.07414911386470151,True,False,3.0,,5,0.29858246448152453,Mid
0053000000000000254a,Bare,0.0,True,True,1.0,0.0,5,0.4934851169916828,Mid
0053000000000000254b,Bare,1.0,False,False,3.0,,5,-0.4769894695004989,Mid
0053000000000000254c,Bare,0.7822766170043991,False,True,1.0,0.0,5,-0.09277773256593383,Mid
0053000000000000254d,Cover,1.0,False,True,1.0,0.0,5,0.3887542495490045,Mid
0053000000000000254e,Cover,0.8382477014454797,False,False,2.0,1.0,5,0.2339589401228302,Mid
0053000000000000254f,Bare,0.39236570183892605,False,False,3.0,,5,0.07615212751427261,Mid
00530000000000002550,Bare,1.0,False,False,3.0,,5,-0.4676317749215774,Mid
00530000000000002551,Cover,1.0,False,True,1.0,0.0,5,0.4306899541455189,Mid
00530000000000002552,Cover,0.8512302629775752,False,True,1.0,0.0,5,0.28862645400997866,Mid
00530000000000002553,Bare,0.8194430792318999,False,False,3.0,,5,-0.10167105039552335,Mid
00530000000000002554,Cover,0.999822151060645,False,True,1.0,0.0,5,0.3821528781956828,Mid
00530000000000002556,Bare,1.0,False,False,3.0,,5,-0.21950763609949842,Mid
00530000000000002557,Bare,1.0,False,False,3.0,,5,-0.3866652967205722,Mid
00530000000000002558,Bare,0.6945674343296186,False,False,3.0,,5,-0.8106165802513101,Mid
00530000000000002559,Cover,0.01444859814720644,True,True,1.0,0.0,5,-0.16545967629280867,Mid
0053000000000000255a,Bare,0.38783311394849523,False,True,1.0,0.0,5,-1.4028369058826378,Mid
0053000000000000255b,Cover,0.18571642358139112,False,False,3.0,,5,-0.48529892207690223,Mid
0053000000000000255c,Bare,0.953911776296051,False,False,3.0,,5,1.2912224490967923,Mid
0053000000000000255d,Bare,0.32898264387270654,False,False,3.0,,5,0.06335859953083242,Mid
0053000000000000255e,Bare,0.8635224263367571,False,False,3.0,,5,-0.8373963985638846,Mid
0053000000000000255f,Cover,0.0,True,True,1.0,0.0,5,-0.49980345170408497,Mid
00530000000000002560,Bare,0.6504485313028908,False,False,3.0,,5,-0.08460885934943377,Mid
00530000000000002561,Bare,0.0,True,False,2.0,1.0,5,0.3822533520089468,Mid
00530000000000002562,Cover,0.0,True,True,1.0,0.0,5,0.6459750320230243,Mid
00530000000000002563,Bare,0.22630814877581307,False,False,2.0,1.0,5,0.24415692789361804,Mid
00530000000000002564,Bare,0.16346600740465295,False,False,2.0,1.0,5,0.2968092201429621,Mid
00530000000000002565,Bare,0.4325597826510801,False,False,3.0,,5,0.08691202314821571,Mid
00530000000000002566,Bare,0.0,True,True,1.0,0.0,5,0.5341300137652253,Mid
00530000000000002567,Bare,0.4621862243445642,False,False,3.0,,5,0.11226722227689985,Mid
00530000000000002568,Bare,0.8658748541602322,False,False,3.0,,5,-0.12663637289045623,Mid
00530000000000002569,Bare,0.5709687090105839,False,False,3.0,,5,-0.7667595510938754,Mid
0053000000000000256a,Bare,0.8005069451045382,False,False,3.0,,5,-0.43264885284263244,Mid
0053000000000000256b,Bare,0.43319998067430365,False,False,3.0,,5,-1.5668540437905882,Mid
0053000000000000256c,Bare,1.0,False,False,3.0,,5,-0.3890198746167625,Mid
0053000000000000257c,Cover,0.5434070743438145,False,True,1.0,0.0,5,0.5263904988723384,Mid
00530000000000002593,Bare,0.7468802369756641,False,True,1.0,0.0,5,-0.05939414353240988,Mid
005300000000000025ad,Bare,0.23604576926712445,False,False,3.0,,5,1.3969296081555846,Mid
005300000000000025fb,Bare,0.0,True,False,2.0,1.0,5,0.4995990919715897,Mid
00530000000000002f22,Cover,0.3479388348427163,False,False,2.0,1.0,5,1.7826364840307665,Mid
00530000000000002f23,Bare,0.6122643649641323,False,False,3.0,,5,-0.8838231866663111,Mid
00530000000000002f24,Bare,0.7988079552549453,False,False,3.0,,5,-0.9253116691556929,Mid
00530000000000003799,Bare,0.5071804515801271,False,False,2.0,1.0,5,-0.28076431563523785,Mid
0053000000000000379a,Bare,0.35243375905962543,False,True,1.0,0.0,5,-1.8317294997482545,Mid
0053000000000000379b,Bare,0.0,True,False,3.0,,5,0.06743097974368656,Mid
0053000000000000379c,Bare,0.05453844140003429,True,True,1.0,0.0,5,0.39532321995649344,Mid
0053000000000000379d,Bare,0.14049487395194493,True,False,3.0,,5,0.3055656854769225,Mid
005300000000000037c5,Bare,0.06582227190276321,True,False,2.0,1.0,5,-0.3095527285409887,Mid
005300000000000037c6,Bare,0.24712275454519064,False,False,2.0,1.0,5,0.7211026785051161,Mid
005300000000000037c7,Bare,0.7699755461825748,False,False,3.0,,5,1.29141414510987,Mid
005300000000000037c8,Bare,0.24286648335075595,False,True,1.0,0.0,5,-0.40337042636486065,Mid
005300000000000037ca,Bare,0.08051635633481022,True,False,3.0,,5,-0.48366917522538233,Mid
005300000000000037cb,Bare,0.0,True,False,3.0,,5,-0.29470890039145,Mid
005300000000000037cc,Bare,0.12303071578624035,True,True,1.0,0.0,5,0.23595205979822859,Mid
005300000000000037cd,Bare,0.6393910711259123,False,False,2.0,1.0,5,-1.1442340930106678,Mid
005300000000000037ce,Bare,0.0038815310544534367,True,False,2.0,1.0,5,0.036209137356680125,Mid
005300000000000037cf,Bare,0.43174708082834473,False,False,2.0,1.0,5,-1.4658184850551979,Mid
005300000000000037d0,Bare,0.8411987846834272,False,False,2.0,1.0,5,-0.8608670880270723,Mid
005300000000000037d1,Bare,0.7972827132462957,False,False,2.0,1.0,5,-0.9017388213013372,Mid
005300000000000037d2,Bare,1.0,False,True,1.0,0.0,5,-0.3968969558546954,Mid
005300000000000037d3,Bare,0.5826173498955683,False,False,2.0,1.0,5,-1.2387475245217479,Mid
005300000000000037d4,Bare,0.5917635715017188,False,False,2.0,1.0,5,-0.9024771273549779,Mid
005300000000000037d5,Bare,0.8385796045803849,False,True,1.0,0.0,5,-0.47897048531086384,Mid
005300000000000037d6,Bare,0.5512167571895529,False,False,2.0,1.0,5,-1.2313732250912472,Mid
005300000000000037d7,Bare,0.4255172647896708,False,True,1.0,0.0,5,0.7145013713938417,Mid
005300000000000037d8,Bare,0.010006385947431232,True,True,1.0,0.0,5,0.4483110204787261,Mid
005300000000000037d9,Bare,0.2009663866441409,False,True,1.0,0.0,5,-0.013487728455137297,Mid
005300000000000037da,Bare,0.3077765253539407,False,False,3.0,,5,-2.030652852750706,Mid
005300000000000037db,Bare,0.32738428578615,False,False,3.0,,5,-1.9437055561665268,Mid
005300000000000037dc,Bare,0.7022853993924822,False,False,2.0,1.0,5,-0.041594467125930956,Mid
005300000000000037dd,Bare,0.30895910336911964,False,False,3.0,,5,-2.0221487944293015,Mid
005300000000000037de,Bare,0.314855523269923,False,False,3.0,,5,-2.065081706548722,Mid
005300000000000037df,Cover,0.21313348999690188,False,False,2.0,1.0,5,-0.43297975342294953,Mid
005300000000000037e0,Bare,0.35708568717822214,False,False,3.0,,5,-1.9454144974194103,Mid
005300000000000037e1,Bare,0.2535253039521303,False,True,1.0,0.0,5,0.23860891422077463,Mid
005300000000000037e2,Bare,0.30466248700585236,False,False,2.0,1.0,5,-2.0412755762839043,Mid
005300000000000037e3,Bare,0.14425666022776842,True,True,1.0,0.0,5,0.3050695835545578,Mid
005300000000000037e4,Bare,0.29210362724941125,False,True,1.0,0.0,5,-2.0991326004105724,Mid
005300000000000037e5,Bare,0.3815194776866515,False,False,2.0,1.0,5,0.5187174861782936,Mid
005300000000000037e6,Bare,0.0,True,True,1.0,0.0,5,0.6048756798089509,Mid
005300000000000037e9,Cover,0.7225091869999618,False,False,3.0,,5,1.2204022398328158,Mid
005300000000000037eb,Cover,0.0,True,False,2.0,1.0,5,2.269962593334654,Mid
005300000000000037ec,Cover,0.10912392306525959,True,True,1.0,0.0,5,2.6779149893072476,Mid
005300000000000037ed,Cover,0.3195581925985419,False,False,2.0,1.0,5,2.038391491423441,Mid
005300000000000037ee,Bare,0.0,True,True,1.0,0.0,5,3.0,Mid
005300000000000037ef,Cover,0.0,True,False,2.0,1.0,5,2.9120302749202094,Mid
005300000000000037f1,Bare,0.802851572976353,False,False,3.0,,5,-0.09292561389048751,Mid
005300000000000037f2,Bare,0.6455041622759491,False,False,3.0,,5,0.0,Mid
005300000000000037f3,Bare,0.7439294283901454,False,False,3.0,,5,-0.05703751086922163,Mid
005300000000000037f4,Bare,0.2658412130824384,False,False,3.0,,5,0.24248077075601174,Mid
005300000000000037f5,Bare,0.983021795393729,False,False,3.0,,5,-0.19744721660350645,Mid
005300000000000037f6,Bare,1.0,False,False,2.0,1.0,5,-0.28417704837813984,Mid
005300000000000037f7,Bare,0.47262117671371706,False,False,3.0,,5,0.09632995220149199,Mid
005300000000000037f8,Bare,1.0,False,False,2.0,1.0,5,-0.27944272023941913,Mid
005300000000000037f9,Bare,0.18075714631375805,False,False,3.0,,5,0.1737243567721801,Mid
005300000000000037fa,Bare,0.5077190603046998,False,False,3.0,,5,0.06266809830856304,Mid
005300000000000037fb,Bare,0.5219135713613939,False,False,3.0,,5,0.07253182285821931,Mid
005300000000000037fc,Bare,0.44904855474986244,False,False,3.0,,5,0.07762162566173016,Mid
005300000000000037fd,Bare,0.0,True,False,3.0,,5,0.10720817446218923,Mid
005300000000000037fe,Bare,0.11007878733422967,True,True,1.0,0.0,5,0.36853611501562383,Mid
005300000000000037ff,Bare,0.33542046158755573,False,False,3.0,,5,-0.14681083429553254,Mid
00530000000000003800,Bare,0.7335965645278612,False,False,3.0,,5,-0.19837585265850602,Mid
00530000000000003801,Bare,0.18888523283172148,False,False,3.0,,5,0.0026235289106122314,Mid
00530000000000003803,Bare,0.7751157682725144,False,False,3.0,,5,-0.9218436047171699,Mid
00530000000000003804,Cover,0.5941397276642204,False,True,1.0,0.0,5,1.018406591451578,Mid
00530000000000003805,Cover,0.0,True,False,3.0,,5,0.5530696689618759,Mid
00530000000000003806,Bare,0.23557706733153583,False,True,1.0,0.0,5,0.2500736446439326,Mid
00530000000000003807,Bare,0.30580238844311664,False,False,2.0,1.0,5,0.17313023209899817,Mid
0053000000000000380b,Cover,1.0,False,True,1.0,0.0,5,0.6760912160056537,Mid
0053000000000000380c,Bare,0.03945671609799021,True,True,1.0,0.0,5,0.535878609634085,Mid
0053000000000000380d,Bare,0.0597301278206531,True,False,2.0,1.0,5,0.20178290336551652,Mid
0053000000000000380e,Cover,0.0,True,False,3.0,,5,0.8888770522053431,Mid
0053000000000000380f,Bare,0.5028379917299023,False,False,3.0,,5,-0.02469114263850196,Mid
00530000000000003815,Bare,0.3139370471751601,False,True,1.0,0.0,5,0.5589084914568995,Mid
00530000000000003817,Bare,0.6026133820297304,False,False,2.0,1.0,5,-0.5167674163284308,Mid
00530000000000003818,Cover,0.39076523716006056,False,True,1.0,0.0,5,0.033180903492089055,Mid
00530000000000003819,Cover,0.3097226008068028,False,False,3.0,,5,0.7235376248537682,Mid
0053000000000000381a,Bare,0.0,True,True,1.0,0.0,5,0.3721906011955832,Mid
0053000000000000381b,Bare,1.0,False,False,3.0,,5,-0.35737967378213814,Mid
0053000000000000381c,Bare,0.3405567716820647,False,False,3.0,,5,0.1932760338957747,Mid
0053000000000000381e,Bare,0.231937021582835,False,False,3.0,,5,0.25060364902239457,Mid
0053000000000000381f,Bare,0.48102361275317884,False,False,2.0,1.0,5,-0.21780325080875954,Mid
00530000000000003820,Bare,0.0,True,True,1.0,0.0,5,0.38677861477677267,Mid
00530000000000003822,Bare,0.0,True,False,3.0,,5,0.5135652685424109,Mid
00530000000000003823,Bare,0.0,True,True,1.0,0.0,5,0.6441625385606683,Mid
00530000000000003824,Cover,0.0,True,False,2.0,1.0,5,-0.5453024775687354,Mid
00530000000000003825,Bare,0.11344330719227338,True,False,2.0,1.0,5,0.3292725978214468,Mid
00530000000000003826,Bare,0.0,True,False,2.0,1.0,5,0.42867506772819247,Mid
00530000000000003827,Bare,0.0,True,False,2.0,1.0,5,0.4120910333558595,Mid
00530000000000003828,Bare,0.30039378900485025,False,False,3.0,,5,0.2123445959441772,Mid
00530000000000003829,Bare,0.13485549686179768,True,False,2.0,1.0,5,0.3156795386527739,Mid
0053000000000000435a,Cover,0.41772717041438784,False,True,1.0,0.0,5,0.2691435482839574,Mid
005300000000000048a0,Bare,0.923272159170343,False,False,2.0,1.0,5,-0.16308670291934077,Mid
005300000000000048ea,Bare,0.19875370097327824,False,True,1.0,0.0,5,0.29921527782487956,Mid
005300000000000048ee,Bare,0.1271889060294174,True,True,1.0,0.0,5,-0.1304740436885973,Mid
005300000000000049b7,Bare,0.13785997035220365,True,False,2.0,1.0,5,0.3537866626844484,Mid
005300000000000049cb,Bare,0.0,True,True,1.0,0.0,5,0.4243586442637766,Mid
005300000000000049cd,Cover,1.0,False,False,3.0,,5,0.735128306303095,Mid
00530000000000004c4b,Cover,0.9068367530295528,False,True,1.0,0.0,5,0.6094205651700884,Mid
00530000000000004c4f,Cover,0.03254061876391299,True,True,1.0,0.0,5,0.24167626355923286,Mid
00530000000000004c50,Cover,0.6996631522613856,False,True,1.0,0.0,5,0.6998375742787334,Mid
00530000000000004c5c,Cover,0.7862417768118398,False,True,1.0,0.0,5,0.8787770477596077,Mid
00530000000000004c7e,Bare,0.6880274267285471,False,False,3.0,,5,-0.5975935370164189,Mid
00530000000000004c85,Cover,0.8958564019115912,False,True,1.0,0.0,5,0.29446956631267573,Mid
00530000000000004c8b,Bare,0.27779733224612047,False,True,1.0,0.0,5,1.5631337384633894,Mid
00530000000000004c8d,Bare,0.4936856067204421,False,False,3.0,,5,-0.5945585326884728,Mid
00530000000000004cb2,Cover,0.48545729544257904,False,False,3.0,,5,0.2255821757250021,Mid
00530000000000004ccb,Cover,0.0,True,False,2.0,1.0,5,0.6658344448416627,Mid
00530000000000004cd1,Bare,0.0,True,True,1.0,0.0,5,0.47145561052902774,Mid
00530000000000004cd3,Bare,1.0,False,False,3.0,,5,-0.5444497674747774,Mid
00530000000000004cd5,Bare,0.24091285137657548,False,True,1.0,0.0,5,0.24643094089392095,Mid
00530000000000004cd6,Bare,0.48868544034062866,False,False,3.0,,5,0.08377451146216731,Mid
00530000000000004cd7,Bare,0.6497886016207576,False,False,3.0,,5,-0.002543071711771601,Mid
00530000000000004cdf,Bare,0.19461160603582375,False,False,2.0,1.0,5,1.2246261204445206,Mid
00530000000000004ce0,Bare,0.46964915356154335,False,False,2.0,1.0,5,-1.1099849647143738,Mid
00530000000000004ce1,Bare,0.5227946487614978,False,False,2.0,1.0,5,0.7068082721585182,Mid
00530000000000004ce2,Bare,0.7056821028153145,False,False,3.0,,5,0.8350376457580279,Mid
00530000000000004ce5,Bare,0.20899245656757573,False,True,1.0,0.0,5,0.3702168218666086,Mid
00530000000000004ce8,Cover,0.6668066652261017,False,False,2.0,1.0,5,1.2883357049721171,Mid
00530000000000004ceb,Cover,0.3672065331165806,False,False,2.0,1.0,5,1.8426811369725387,Mid
00530000000000004cec,Cover,0.011267460815686173,True,True,1.0,0.0,5,1.5227836144145834,Mid
00530000000000004d05,Bare,0.09960806752252428,True,False,3.0,,5,-0.8195206564142506,Mid
00530000000000004d17,Bare,0.010961267961626026,True,False,3.0,,5,-0.26939130633028846,Mid
00530000000000004d1f,Bare,0.0,True,True,1.0,0.0,5,-0.1660125735699882,Mid
00530000000000004d2a,Cover,0.7243486931365544,False,True,1.0,0.0,5,0.9377175955881912,Mid
00530000000000004d2d,Bare,0.15540722808469523,False,False,3.0,,5,2.2205396675452764,Mid
00530000000000004d2e,Bare,0.4795579473372246,False,True,1.0,0.0,5,-1.4573936298135566,Mid
00530000000000004d30,Cover,0.003000119764506029,True,False,2.0,1.0,5,-0.4570011329292903,Mid
00530000000000004d34,Bare,1.0,False,False,3.0,,5,-0.4499335417824593,Mid
00530000000000004d4b,Bare,0.0,True,False,3.0,,5,-0.3483527620283884,Mid
00530000000000004d50,Bare,0.09863029171875592,True,False,3.0,,5,-0.2787481085530199,Mid
00530000000000004ec8,Cover,0.6306150997242418,False,True,1.0,0.0,5,0.8510104987570165,Mid
00530000000000004ecc,Bare,0.0960617064404101,True,False,2.0,1.0,5,-0.6716220642659362,Mid
00530000000000004f26,Bare,0.22767588803876054,False,False,2.0,1.0,5,-2.235513627481154,Mid
00530000000000004f9e,Bare,0.10237296991141366,True,False,3.0,,5,2.45882490668954,Mid
00530000000000004fae,Cover,0.08692585283697538,True,False,3.0,,5,2.468208170343578,Mid
00530000000000004fb4,Bare,0.6695480198753244,False,True,1.0,0.0,5,0.6633139552589147,Mid
00530000000000004fb5,Bare,0.0,True,False,3.0,,5,0.455006539819063,Mid
00530000000000004fc7,Bare,0.3285496957038078,False,False,2.0,1.0,5,1.0701882610214521,Mid
00530000000000004fc9,Cover,1.0,False,False,2.0,1.0,5,0.5847452608551061,Mid
00530000000000004fcb,Bare,0.13439124009131725,True,False,2.0,1.0,5,0.7715648013788825,Mid
00530000000000004fd5,Bare,0.8180175177706989,False,True,1.0,0.0,5,0.9918052327914257,Mid
00530000000000004fd6,Bare,0.5611483212140275,False,False,3.0,,5,1.977007139228559,Mid
00530000000000004fe6,Bare,0.5381497258945688,False,False,3.0,,5,1.6404083587325247,Mid
00530000000000004fe7,Bare,0.8747685613656372,False,True,1.0,0.0,5,1.0815099032431166,Mid
00530000000000004fe8,Bare,0.16273068984895864,False,False,3.0,,5,-0.521056914521718,Mid
00530000000000004fef,Cover,0.8482100677653728,False,True,1.0,0.0,5,0.26159440226058855,Mid
00530000000000004ff2,Bare,0.8144721945411584,False,False,3.0,,5,-0.3054402145152832,Mid
00530000000000004ff7,Bare,0.23098540978523924,False,True,1.0,0.0,5,0.40625099830645944,Mid
00530000000000005000,Bare,0.20150352752783793,False,True,1.0,0.0,5,1.4326531209831026,Mid
00530000000000005001,Cover,0.07949301255460554,True,True,1.0,0.0,5,0.49539893427368287,Mid
00530000000000005002,Bare,0.0,True,True,1.0,0.0,5,1.4624456296763566,Mid
00530000000000005003,Cover,0.5619187672697056,False,False,3.0,,5,1.3232047222054286,Mid
00530000000000005004,Cover,0.5875451927497154,False,True,1.0,0.0,5,0.723059325825619,Mid
0053000000000000500c,Bare,0.7356688104094,False,False,3.0,,5,1.6418389118004526,Mid
0053000000000000500e,Bare,0.11736083875694239,True,False,3.0,,5,-0.6255273637172155,Mid
00530000000000005010,Bare,0.1855397652629435,False,False,3.0,,5,-0.658563788397334,Mid
00530000000000005013,Bare,0.6258076713247943,False,True,1.0,0.0,5,1.1976012005620216,Mid
00530000000000005015,Bare,0.0,True,True,1.0,0.0,5,0.5742634998579761,Mid
00530000000000005019,Bare,1.0,False,False,3.0,,5,-0.2800829177379798,Mid
0053000000000000501f,Cover,0.0,True,False,2.0,1.0,5,-0.7322674147640287,Mid
00530000000000005021,Cover,0.42412595203702336,False,True,1.0,0.0,5,0.7949709705542559,Mid
00530000000000005022,Bare,1.0,False,True,1.0,0.0,5,1.1149260495422413,Mid
00530000000000005024,Cover,0.057386078061198775,True,True,1.0,0.0,5,-0.0414020833889078,Mid
00530000000000005025,Bare,0.5953726887826953,False,False,3.0,,5,0.023809451053596904,Mid
00530000000000005028,Bare,1.0,False,False,3.0,,5,-0.37828006426746963,Mid
0053000000000000502a,Cover,0.1787106256137685,False,False,3.0,,5,-0.3159442808301545,Mid
0053000000000000502c,Bare,0.9127931353032697,False,False,3.0,,5,-0.39371700933013354,Mid
0053000000000000502d,Bare,0.12366035301224945,True,False,3.0,,5,0.6992541338265632,Mid
00530000000000005030,Bare,0.05313774428540098,True,True,1.0,0.0,5,0.24138753404358113,Mid
00530000000000005031,Bare,0.36360824992561946,False,False,3.0,,5,0.06401716700253689,Mid
00530000000000005034,Bare,0.5436621349459682,False,False,3.0,,5,-0.041000161925785684,Mid
00530000000000005035,Bare,0.014802136044966554,True,False,3.0,,5,0.32258575621296537,Mid
00530000000000005039,Bare,0.10072806543399355,True,False,3.0,,5,0.021430124416018322,Mid
0053000000000000503a,Cover,0.1921442256705633,False,False,3.0,,5,-0.03231602346022675,Mid
0053000000000000503b,Bare,0.3569696083641916,False,False,3.0,,5,0.17456118623299863,Mid
0053000000000000503c,Cover,0.06828195018992132,True,False,2.0,1.0,5,0.16849587868160457,Mid
00530000000000005044,Cover,0.3481664158588302,False,True,1.0,0.0,5,0.5134739989492825,Mid
00530000000000005046,Bare,0.9135901796511956,False,True,1.0,0.0,5,-0.23338833394803102,Mid
00530000000000005047,Bare,0.04569621653558018,True,False,3.0,,5,-0.007238141753097689,Mid
00530000000000005049,Bare,0.8322900983095474,False,False,3.0,,5,-0.8594356783842289,Mid
0053000000000000504a,Bare,0.02541508296772676,True,True,1.0,0.0,5,0.3898991439352856,Mid
0053000000000000504f,Bare,0.7218417712574096,False,False,3.0,,5,-0.21378510316535912,Mid
00530000000000005050,Bare,0.31298232803227233,False,False,3.0,,5,-0.28215219304566014,Mid
00530000000000005051,Bare,0.8523381668609221,False,False,3.0,,5,-0.32410735317547656,Mid
00530000000000005052,Bare,1.0,False,False,3.0,,5,-0.3360853548713492,Mid
00530000000000005053,Bare,0.8837207164989361,False,True,1.0,0.0,5,0.9132507099985788,Mid
00530000000000005054,Cover,0.20313440257127616,False,True,1.0,0.0,5,-0.08116453022075627,Mid
00530000000000005055,Bare,0.21643146132079874,False,True,1.0,0.0,5,-0.038990913526349966,Mid
0053000000000000505c,Bare,0.6867900230907066,False,False,3.0,,5,-0.8288505023004041,Mid
0053000000000000505f,Bare,0.26008822521738945,False,True,1.0,0.0,5,0.919889078309937,Mid
00530000000000005061,Bare,0.6882923888834516,False,False,3.0,,5,-1.026328099093517,Mid
00530000000000005067,Bare,0.8745699651735526,False,False,3.0,,5,-0.2382763029245748,Mid
0053000000000000506b,Bare,0.5452607076886264,False,False,3.0,,5,0.059347247410889786,Mid
0053000000000000506d,Bare,0.3034360057193993,False,False,3.0,,5,2.0416115037736904,Mid
0053000000000000506f,Bare,0.7012345966589787,False,False,3.0,,5,-0.8327911215862828,Mid
00530000000000005070,Bare,0.0,True,True,1.0,0.0,5,0.3164114688219593,Mid
00530000000000005071,Bare,0.0,True,False,3.0,,5,0.497210278296462,Mid
00530000000000005072,Bare,0.07121925127922046,True,False,3.0,,5,-0.06907532847664095,Mid
00530000000000005073,Bare,0.5249632008279717,False,True,1.0,0.0,5,0.6622879366742032,Mid
00530000000000005074,Cover,0.0,True,True,1.0,0.0,5,0.1433353964188483,Mid
00530000000000005077,Cover,0.17727668399906582,False,False,2.0,1.0,5,2.72293446696057,Mid
0053000000000000507b,Bare,0.10081959327293827,True,False,3.0,,5,0.01758000671603575,Mid
0053000000000000507c,Bare,0.18899791393006335,False,True,1.0,0.0,5,0.49723256736070853,Mid
0053000000000000507d,Bare,0.34302729701972356,False,True,1.0,0.0,5,-0.18606149670150482,Mid
0053000000000000507e,Bare,0.558101422642095,False,False,3.0,,5,0.03667143227371082,Mid
0053000000000000507f,Bare,0.4169150833351437,False,True,1.0,0.0,5,0.13678462453248813,Mid
00530000000000005082,Bare,0.6715483718159939,False,True,1.0,0.0,5,-0.015327050379460692,Mid
00530000000000005087,Bare,1.0,False,False,3.0,,5,-0.36173941764547796,Mid
00530000000000005088,Bare,0.9403875405327731,False,False,3.0,,5,-0.17228859560723905,Mid
0053000000000000508a,Bare,0.5881523454556724,False,True,1.0,0.0,5,-0.001106164303087652,Mid
0053000000000000508b,Bare,0.8039835615357239,False,False,3.0,,5,-0.9112293962436467,Mid
0053000000000000508c,Bare,1.0,False,False,3.0,,5,-0.36725191820127784,Mid
00530000000000005091,Bare,0.8592496666550882,False,False,3.0,,5,-0.8422054521019426,Mid
00530000000000005092,Bare,0.0891003240640766,True,True,1.0,0.0,5,0.2221349511805165,Mid
00530000000000005094,Bare,0.6072748910032431,False,False,3.0,,5,-1.178587306835589,Mid
00530000000000005095,Bare,1.0,False,False,3.0,,5,-0.6346356704162535,Mid
00530000000000005096,Bare,0.08816151301639866,True,True,1.0,0.0,5,0.3828891958028911,Mid
00530000000000005098,Cover,0.02887751613204671,True,True,1.0,0.0,5,1.7549978494332275,Mid
00530000000000005099,Bare,0.21057613936739483,False,False,3.0,,5,0.23340390583126383,Mid
0053000000000000509a,Cover,0.4520269978547947,False,False,2.0,1.0,5,-0.08317586409861566,Mid
0053000000000000509b,Bare,0.3221947235616949,False,False,2.0,1.0,5,-0.747787384819307,Mid
0053000000000000509c,Bare,0.8996340935209185,False,False,3.0,,5,-0.6502570592158822,Mid
0053000000000000509d,Bare,0.3883889086443794,False,False,3.0,,5,-0.7452957983540854,Mid
0053000000000000509e,Bare,0.5142194825213338,False,False,3.0,,5,-1.4336235402959325,Mid
0053000000000000509f,Bare,0.48244115952927913,False,False,3.0,,5,-1.4140006997807655,Mid
005300000000000050a0,Bare,0.9030508061414544,False,False,3.0,,5,-0.6012716375172625,Mid
005300000000000050a1,Bare,0.8854287182599953,False,False,3.0,,5,-0.7995884636587646,Mid
005300000000000050a2,Bare,0.6604642151060635,False,False,3.0,,5,-0.913895277407748,Mid
005300000000000050a3,Bare,0.5105015425147581,False,False,3.0,,5,-1.2879851048558983,Mid
005300000000000050a4,Bare,0.4111915405166201,False,False,3.0,,5,-1.519314497921069,Mid
005300000000000050a5,Bare,0.44761237297348533,False,False,3.0,,5,-1.255340017366972,Mid
005300000000000050a6,Bare,0.7076173114015631,False,False,3.0,,5,-0.9356738002760975,Mid
005300000000000050a7,Bare,0.9987519450261644,False,False,3.0,,5,-0.6989456655438768,Mid
005300000000000050a8,Bare,0.7315758780679157,False,False,3.0,,5,-0.6974257887837532,Mid
005300000000000050a9,Bare,0.5520965610315495,False,False,3.0,,5,-1.0069226014566452,Mid
005300000000000050aa,Bare,0.5989318845437337,False,False,3.0,,5,-0.8994476861683648,Mid
005300000000000050ab,Bare,0.6635130995484001,False,False,3.0,,5,-0.9876079728594964,Mid
005300000000000050ac,Bare,0.5502044111476133,False,False,3.0,,5,-0.9862878717850732,Mid
005300000000000050ae,Cover,0.0,True,False,3.0,,5,-0.8404032691997677,Mid
005300000000000050af,Bare,0.869034878383189,False,False,3.0,,5,-0.1305575936655094,Mid
005300000000000050b0,Bare,1.0,False,False,3.0,,5,-0.4203871475158222,Mid
005300000000000050b1,Bare,0.5532262426143736,False,False,3.0,,5,-0.5773098880524073,Mid
005300000000000050b3,Bare,0.43201434650942133,False,False,3.0,,5,-0.6617050427033003,Mid
005300000000000050b4,Bare,0.9116148076198006,False,False,3.0,,5,-0.7729108945789257,Mid
005300000000000050b5,Bare,0.9718400616963041,False,False,3.0,,5,-0.5999291648022879,Mid
005300000000000050b6,Bare,0.8978647140021171,False,False,3.0,,5,-0.16409750988100585,Mid
005300000000000050b7,Bare,0.7399441960821636,False,False,3.0,,5,-0.5345792316827112,Mid
005300000000000050b8,Bare,0.11976742042893726,True,False,2.0,1.0,5,-0.382795700702318,Mid
005300000000000050bc,Bare,1.0,False,False,3.0,,5,-0.4993461527671691,Mid
005300000000000052d4,Bare,0.04272774232004875,True,False,3.0,,5,0.2946157292813899,Mid
005300000000000052ea,Bare,0.2428316652063361,False,False,3.0,,5,-0.8341521403030819,Mid
005300000000000052fa,Bare,0.8567548573239274,False,False,3.0,,5,-0.45350934264764836,Mid
005300000000000052fb,Bare,0.0,True,False,3.0,,5,-0.4750000679225789,Mid
00530000000000005314,Bare,0.4297019010834224,False,False,3.0,,5,-1.1473694193260506,Mid
00530000000000005357,Bare,0.08651078523508925,True,False,2.0,1.0,5,-0.4868563521731959,Mid
00530000000000005382,Bare,0.9428763747874284,False,False,2.0,1.0,5,-0.265333074864016,Mid
00530000000000005388,Bare,0.7831194927397377,False,False,3.0,,5,-0.8655419603092293,Mid
0053000000000000538a,Bare,0.5325556735562879,False,False,3.0,,5,-0.7474846397843468,Mid
0053000000000000538b,Bare,0.6679593530424416,False,False,3.0,,5,-0.6457020468141591,Mid
005300000000000063dd,Cover,0.2911438897003161,False,True,1.0,0.0,5,0.3899101510801211,Mid
005300000000000063e5,Bare,0.46161909024578757,False,False,3.0,,5,-0.9309023418883049,Mid
